Code,Label
DHBA:10153,NP
DHBA:10154,NT
DHBA:10155,Br
DHBA:10156,F
DHBA:10157,FGM
DHBA:10506,FTS
DHBA:11580,SG
DHBA:11581,fSG
DHBA:11587,fSGfp
DHBA:11582,fSGdm
DHBA:11585,fSGdl
DHBA:11586,fSGvl
DHBA:11583,fSGor
DHBA:11584,fSGm1
DHBA:11593,pSG
DHBA:11594,pSGs1
DHBA:11597,pSGdm
DHBA:11595,pSGpd
DHBA:11596,pSGpv
DHBA:11598,tSG
DHBA:15498,tSGdl
DHBA:11599,tSGa1
DHBA:11600,tSGsl
DHBA:13202,tSGps
DHBA:13206,tSGpi
DHBA:15499,tSGvl
DHBA:13203,tSGml
DHBA:11601,tSGil
DHBA:11602,tSGmi
DHBA:13204,tSG36
DHBA:13205,tSGtf
DHBA:11603,tSGph
DHBA:11604,tSGmt
DHBA:11605,tSGlt
DHBA:11606,tSGtp
DHBA:11588,oSG
DHBA:13201,oSGpro
DHBA:11589,oSGv1
DHBA:13200,oSGexs
DHBA:11590,oSGdm
DHBA:11591,oSGvm
DHBA:11592,oSGml
DHBA:12971,iSG
DHBA:12972,iSGdg
DHBA:12973,iSGg
DHBA:12966,cSG
DHBA:12967,cSGr
DHBA:12968,cSGmi
DHBA:12969,cSGc
DHBA:12970,cSGsg
DHBA:12974,peSG
DHBA:13213,SGPC
DHBA:12979,SGpcr
DHBA:13214,SGpcc
DHBA:13273,SGpas
DHBA:12975,SGec
DHBA:13212,SGecl
DHBA:12976,SGEo
DHBA:12977,SGEr
DHBA:13211,SGecm
DHBA:12978,SGEc
DHBA:13210,SGprs
DHBA:13274,SGprsr
DHBA:13275,SGprsc
DHBA:12980,SGrs
DHBA:13276,SGIag
DHBA:13207,alSG
DHBA:13208,SGhip
DHBA:13209,SGsub
DHBA:13277,SGpir
DHBA:146034614,SGiag
DHBA:10508,MZ
DHBA:10509,fMZ
DHBA:11612,fMZfp
DHBA:11607,fMZdm
DHBA:11610,fMZdl
DHBA:11611,fMZvl
DHBA:11608,fMZor
DHBA:11609,fMZm1
DHBA:10511,pMZ
DHBA:11617,pMZs1
DHBA:11620,pMZdm
DHBA:11618,pMZpd
DHBA:11619,pMZpv
DHBA:10512,tMZ
DHBA:15500,tMZdl
DHBA:11621,tMZa1
DHBA:11622,tMZsl
DHBA:13082,tMZps
DHBA:13086,tMZpi
DHBA:15501,tMZvl
DHBA:13083,tMZml
DHBA:11623,tMZil
DHBA:11624,tMZmi
DHBA:13084,tMZ36
DHBA:13085,tMZtf
DHBA:11625,tMZph
DHBA:11626,tMZmt
DHBA:11627,tMZlt
DHBA:11628,tMZtp
DHBA:10510,oMZ
DHBA:13081,oMZpro
DHBA:11613,oMZv1
DHBA:13080,oMZexs
DHBA:11614,oMZdm
DHBA:11615,oMZvm
DHBA:11616,oMZml
DHBA:11634,iMZ
DHBA:11635,iMZdg
DHBA:11636,iMZgr
DHBA:11629,cMZ
DHBA:11630,cMZr
DHBA:11631,cMZmi
DHBA:11632,cMZc
DHBA:11633,cMZsg
DHBA:10514,peMZ
DHBA:11645,MZpc
DHBA:11646,MZpcr
DHBA:11647,MZpcc
DHBA:13278,MZpas
DHBA:11641,MZEC
DHBA:13094,MZlec
DHBA:11642,MZeo
DHBA:11643,Mzer
DHBA:13093,MZmec
DHBA:11644,MZec
DHBA:11640,MZprs
DHBA:13091,MZprsr
DHBA:13092,MZprsc
DHBA:11648,MZrs
DHBA:13279,MZIag
DHBA:10513,alMZ
DHBA:11637,MZhip
DHBA:13087,MZhipr
DHBA:13088,MZhipc
DHBA:11638,MZsub
DHBA:13089,MZsubr
DHBA:13090,MZsubc
DHBA:11639,MZpir
DHBA:146034618,MZiag
DHBA:10515,CP
DHBA:10516,fCP
DHBA:11664,fCPfp
DHBA:11665,fCPfpo
DHBA:11666,fCPfpi
DHBA:11649,fCPdm
DHBA:11650,fCPdmo
DHBA:11651,fCPdmi
DHBA:11658,fCPdl
DHBA:11659,fCPdlo
DHBA:11660,fCPdli
DHBA:11661,fCPvl
DHBA:11662,fCPvlo
DHBA:11663,fCPvli
DHBA:11652,fCPor
DHBA:11653,fCPoro
DHBA:11654,fCPori
DHBA:11655,fCPm1
DHBA:11656,fCPm1o
DHBA:11657,fCPm1i
DHBA:10518,pCP
DHBA:11679,pCPs1
DHBA:11680,pCPs1o
DHBA:11681,pCPs1i
DHBA:11688,pCPdm
DHBA:11689,pCPdmo
DHBA:11690,pCPdmi
DHBA:11682,pCPpd
DHBA:11683,pCPpdo
DHBA:11684,pCPpdi
DHBA:11685,pCPpv
DHBA:11686,pCPpvo
DHBA:11687,pCPpvi
DHBA:10519,tCP
DHBA:15502,tCPdl
DHBA:11691,tCPa1
DHBA:11692,tCPa1o
DHBA:11693,tCPa1i
DHBA:11694,tCPsl
DHBA:11695,tCPslo
DHBA:11696,tCPsli
DHBA:13097,tCPps
DHBA:13105,tCPpi
DHBA:15503,tCPvl
DHBA:13098,tCPml
DHBA:11697,tCPil
DHBA:11698,tCPilo
DHBA:11699,tCPili
DHBA:11700,tCPmi
DHBA:11701,tCPmio
DHBA:11702,tCPmii
DHBA:13099,tCP36
DHBA:13100,tCP36o
DHBA:13101,tCP36i
DHBA:13102,tCPtf
DHBA:13103,tCPtfo
DHBA:13104,tCPtfi
DHBA:11703,tCPph
DHBA:11704,tCPpho
DHBA:11705,tCPphi
DHBA:11706,tCPmt
DHBA:11707,tCPmto
DHBA:11708,tCPmti
DHBA:11709,tCPlt
DHBA:11710,tCPlto
DHBA:11711,tCPlti
DHBA:11712,tCPtp
DHBA:11713,tCPtpo
DHBA:11714,tCPtpi
DHBA:10517,oCP
DHBA:13096,oCPpro
DHBA:11667,oCPv1
DHBA:11668,oCPv1o
DHBA:11669,oCPv1i
DHBA:13095,oCPexs
DHBA:11670,oCPdm
DHBA:11671,oCPdmo
DHBA:11672,oCPdmi
DHBA:11673,oCPvm
DHBA:11674,oCPvmo
DHBA:11675,oCPvmi
DHBA:11676,oCPml
DHBA:11677,oCPmlo
DHBA:11678,oCPmli
DHBA:11728,iCP
DHBA:11729,iCPdg
DHBA:11730,iCPdgo
DHBA:11731,iCPdgi
DHBA:11732,iCPgr
DHBA:11733,iCPgro
DHBA:11734,iCPgri
DHBA:11715,cCP
DHBA:11716,cCPr
DHBA:11717,cCPro
DHBA:11718,cCPri
DHBA:11719,cCPmi
DHBA:11720,cCPmio
DHBA:11721,cCPmii
DHBA:11722,cCPc
DHBA:11723,cCPco
DHBA:11724,cCPci
DHBA:11725,cCPsg
DHBA:11726,cCPsgo
DHBA:11727,cCPsgi
DHBA:10521,peCP
DHBA:11746,CPpc
DHBA:11747,CPpcr
DHBA:11748,CPpcro
DHBA:11749,CPpcri
DHBA:11750,CPpcc
DHBA:11751,CPpcco
DHBA:11752,CPpcci
DHBA:13280,CPpas
DHBA:11742,CPEC
DHBA:13109,CPlec
DHBA:11743,CPeo
DHBA:11744,CPer
DHBA:13108,CPmec
DHBA:11745,CPec
DHBA:11741,CPprs
DHBA:13106,CPprsr
DHBA:13107,CPprsc
DHBA:11753,CPrs
DHBA:11754,CPrso
DHBA:11755,CPrsi
DHBA:13281,CPIag
DHBA:13282,CPIago
DHBA:13283,CPIagi
DHBA:10520,alCP
DHBA:11735,CPhip
DHBA:11736,CPhipr
DHBA:11737,CPhipc
DHBA:11738,CPsub
DHBA:11739,CPsubr
DHBA:11740,CPsubc
DHBA:13284,CPpir
DHBA:146034622,CPiag
DHBA:10522,SP
DHBA:10523,fSP
DHBA:11761,fSPfp
DHBA:11756,fSPdm
DHBA:11759,fSPdl
DHBA:11760,fSPvl
DHBA:11757,fSPor
DHBA:11758,fSPm1
DHBA:10525,pSP
DHBA:11766,pSPs1
DHBA:11769,pSPdm
DHBA:11767,pSPpd
DHBA:11768,pSPpv
DHBA:10526,tSP
DHBA:15504,tSPdl
DHBA:11770,tSPa1
DHBA:11771,tSPsl
DHBA:13112,tSPps
DHBA:13116,tSPpi
DHBA:15505,tSPvl
DHBA:13113,tSPml
DHBA:11772,tSPil
DHBA:11773,tSPmi
DHBA:13114,tSP36
DHBA:13115,tSPtf
DHBA:11774,tSPph
DHBA:11775,tSPmt
DHBA:11776,tSPlt
DHBA:11777,tSPtp
DHBA:10524,oSP
DHBA:13111,oSPpro
DHBA:11762,oSPv1
DHBA:13110,oSPexs
DHBA:11763,oSPdm
DHBA:11764,oSPvm
DHBA:11765,oSPml
DHBA:11783,iSP
DHBA:11784,iSPdg
DHBA:11785,iSPgr
DHBA:11778,cSP
DHBA:11779,cSPr
DHBA:11780,cSPmi
DHBA:11781,cSPc
DHBA:11782,cSPsg
DHBA:10528,peSP
DHBA:11790,SPpc
DHBA:13125,SPpcr
DHBA:13126,SPpcc
DHBA:13285,SPpas
DHBA:11789,SPec
DHBA:13124,SPlec
DHBA:13123,SPmec
DHBA:11788,SPprs
DHBA:13121,SPprsr
DHBA:13122,SPprsc
DHBA:11791,SPrs
DHBA:13286,SPIag
DHBA:10527,alSP
DHBA:11786,SPhip
DHBA:13117,SPhipr
DHBA:13118,SPhipc
DHBA:11787,SPsub
DHBA:13119,SPsubr
DHBA:13120,SPsubc
DHBA:13287,SPpir
DHBA:10529,IZ
DHBA:10530,fIZ
DHBA:11807,fIZfp
DHBA:11792,fIZdm
DHBA:11801,fIZdl
DHBA:11804,fIZvl
DHBA:11795,fIZor
DHBA:11798,fIZm1
DHBA:10532,pIZ
DHBA:11822,pIZs1
DHBA:11831,pIZdm
DHBA:11825,pIZpd
DHBA:11828,pIZpv
DHBA:10533,tIZ
DHBA:15506,tIZdl
DHBA:11834,tIZa1
DHBA:11837,tIZsl
DHBA:13129,tIZps
DHBA:13133,tIZpi
DHBA:15507,tIZvl
DHBA:13130,tIZml
DHBA:11840,tIZil
DHBA:11843,tIZmi
DHBA:13131,tIZ36
DHBA:13132,tIZtf
DHBA:11846,tIZph
DHBA:11849,tIZmt
DHBA:11852,tIZlt
DHBA:11855,tIZtp
DHBA:10531,oIZ
DHBA:13128,oIZpro
DHBA:11810,oIZv1
DHBA:13127,oIZexs
DHBA:11813,oIZdm
DHBA:11816,oIZvm
DHBA:11819,oIZml
DHBA:11871,iIZ
DHBA:11872,iIZdg
DHBA:11873,iIZgr
DHBA:11858,cIZ
DHBA:11859,cIZr
DHBA:11862,cIZmi
DHBA:11865,cIZc
DHBA:11868,cIZsg
DHBA:10535,peIZ
DHBA:11878,IZpc
DHBA:13142,IZpcr
DHBA:13143,IZpcc
DHBA:11877,IZec
DHBA:13141,IZlec
DHBA:13140,IZmec
DHBA:11876,IZprs
DHBA:13138,IZprsr
DHBA:13139,IZprsc
DHBA:11879,IZrs
DHBA:10534,alIZ
DHBA:11874,IZhip
DHBA:13134,IZhipr
DHBA:13135,IZhipc
DHBA:11875,IZsub
DHBA:13136,IZsubr
DHBA:13137,IZsubc
DHBA:10536,SZ
DHBA:10537,fSZ
DHBA:11905,fSZfp
DHBA:11906,fSZfpo
DHBA:11907,fSZfpi
DHBA:11880,fSZdm
DHBA:11881,fSZdmo
DHBA:11882,fSZdmop
DHBA:11883,fSZdmi
DHBA:11884,fSZdmip
DHBA:11895,fSZdl
DHBA:11896,fSZdlo
DHBA:11897,fSZdlop
DHBA:11898,fSZdli
DHBA:11899,fSZdlip
DHBA:11900,fSZvl
DHBA:11901,fSZvlo
DHBA:11902,fSZvlop
DHBA:11903,fSZvli
DHBA:11904,fSZvlip
DHBA:11885,fSZor
DHBA:11886,fSZoro
DHBA:11887,fSZorop
DHBA:11888,fSZori
DHBA:11889,fSZorip
DHBA:11890,fSZm1
DHBA:11891,fSZm1o
DHBA:11892,fSZm1op
DHBA:11893,fSZm1i
DHBA:11894,fSZm1ip
DHBA:10539,pSZ
DHBA:11928,pSZs1
DHBA:11929,pSZs1o
DHBA:11930,pSZs1op
DHBA:11931,pSZs1i
DHBA:11932,pSZs1ip
DHBA:11943,pSZdm
DHBA:11944,pSZdmo
DHBA:11946,pSZdmi
DHBA:11933,pSZpd
DHBA:11934,pSZpdo
DHBA:11935,pSZpdop
DHBA:11936,pSZpdi
DHBA:11937,pSZpdip
DHBA:11938,pSZpv
DHBA:11939,pSZpvo
DHBA:11940,pSZpvop
DHBA:11941,pSZpvi
DHBA:11942,pSZpvip
DHBA:10540,tSZ
DHBA:15508,tSZdl
DHBA:11948,tSZa1
DHBA:11949,tSZa1o
DHBA:11950,tSZa1op
DHBA:11951,tSZa1i
DHBA:11952,tSZa1ip
DHBA:11953,tSZsl
DHBA:11954,tSZslo
DHBA:11955,tSZslop
DHBA:11956,tSZsli
DHBA:11957,tSZslip
DHBA:13154,tSZps
DHBA:13155,tSZpso
DHBA:13156,tSZpsop
DHBA:13157,tSZpsi
DHBA:13158,tSZpsip
DHBA:13174,tSZpi
DHBA:13175,tSZpio
DHBA:13176,tSZpiop
DHBA:13177,tSZpii
DHBA:13178,tSZpiip
DHBA:15509,tSZvl
DHBA:13159,tSZml
DHBA:13160,tSZmlo
DHBA:13161,tSZmlop
DHBA:13162,tSZmli
DHBA:13163,tSZmlip
DHBA:11958,tSZil
DHBA:11959,tSZilo
DHBA:11960,tSZilop
DHBA:11961,tSZili
DHBA:11962,tSZilip
DHBA:11963,tSZmi
DHBA:13164,tSZ36
DHBA:13165,tSZ36o
DHBA:13166,tSZ36op
DHBA:13167,tSZ36i
DHBA:13168,tSZ36ip
DHBA:13169,tSZtf
DHBA:13170,tSZtfo
DHBA:13171,tSZtfop
DHBA:13172,tSZtfi
DHBA:13173,tSZtfip
DHBA:11968,tSZph
DHBA:11969,tSZpho
DHBA:11970,tSZphop
DHBA:11971,tSZphi
DHBA:11972,tSZphip
DHBA:11973,tSZmt
DHBA:11974,tSZmto
DHBA:11975,tSZmtop
DHBA:11976,tSZmti
DHBA:11977,tSZmtip
DHBA:11978,tSZlt
DHBA:11979,tSZlto
DHBA:11980,tSZltop
DHBA:11981,tSZlti
DHBA:11982,tSZltip
DHBA:11983,tSZtp
DHBA:10538,oSZ
DHBA:13149,oSZpro
DHBA:13150,oSZproo
DHBA:13151,oSZproop
DHBA:13152,oSZproi
DHBA:13153,oSZproip
DHBA:11908,oSZv1
DHBA:11909,oSZv1o
DHBA:11910,oSZv1op
DHBA:11911,oSZv1i
DHBA:11912,oSZv1ip
DHBA:13144,oSZexs
DHBA:11913,oSZdm
DHBA:11914,oSZdmo
DHBA:11916,oSZdmi
DHBA:11918,oSZvm
DHBA:11919,oSZvmo
DHBA:11921,oSZvmi
DHBA:11923,oSZml
DHBA:11924,oSZmlo
DHBA:11926,oSZmli
DHBA:13145,oSZexso
DHBA:13146,oSZexsop
DHBA:13147,oSZexsi
DHBA:13148,oSZexsip
DHBA:11984,cSZ
DHBA:11985,cSZr
DHBA:11986,cSZmi
DHBA:11987,cSZc
DHBA:13288,cSZsg
DHBA:10541,peSZ
DHBA:15510,seSZ
DHBA:10542,VZ
DHBA:10543,fVZ
DHBA:11993,fVZfp
DHBA:11988,fVZdm
DHBA:11991,fVZdl
DHBA:13289,fVZdlo
DHBA:13290,fVZdli
DHBA:11992,fVZvl
DHBA:11989,fVZor
DHBA:11990,fVZm1
DHBA:13291,fVZm1o
DHBA:13292,fVZm1i
DHBA:10545,pVZ
DHBA:11998,pVZs1
DHBA:13293,pVZs1o
DHBA:13294,pVZs1i
DHBA:12001,pVZdm
DHBA:11999,pVZpd
DHBA:12000,pVZpv
DHBA:13295,pVZpvo
DHBA:13296,pVZpvi
DHBA:10546,tVZ
DHBA:15511,tVZdl
DHBA:12002,tVZa1
DHBA:12003,tVZsl
DHBA:13181,tVZps
DHBA:13185,tVZpi
DHBA:15512,tVZvl
DHBA:13182,tVZml
DHBA:12004,tVZil
DHBA:13297,tVZilo
DHBA:13298,tVZili
DHBA:12005,tVZmi
DHBA:13183,tVZ36
DHBA:13184,tVZtf
DHBA:13299,tVZtfo
DHBA:13300,tVZtfi
DHBA:12006,tVZph
DHBA:13301,tVZpho
DHBA:13302,tVZphi
DHBA:12007,tVZmt
DHBA:12008,tVZlt
DHBA:12009,tVZtp
DHBA:10544,oVZ
DHBA:13180,oVZpro
DHBA:11994,oVZv1
DHBA:13303,oVZv1o
DHBA:13304,oVZv1i
DHBA:13179,oVZexs
DHBA:11995,oVZdm
DHBA:11996,oVZvm
DHBA:11997,oVZml
DHBA:12010,cVZ
DHBA:12011,cVZr
DHBA:12012,cVZmi
DHBA:12013,cVZc
DHBA:12014,cVZsg
DHBA:10548,peVZ
DHBA:12019,VZpc
DHBA:13196,VZpcr
DHBA:13197,VZpcc
DHBA:13192,VZEC
DHBA:13193,VZmec
DHBA:12018,VZec
DHBA:13194,VZlec
DHBA:13195,VZer
DHBA:12017,VZprs
DHBA:13190,VZprsr
DHBA:13191,VZprsc
DHBA:12020,VZrs
DHBA:10547,alVZ
DHBA:12015,VZhip
DHBA:13186,VZhipr
DHBA:13187,VZhipc
DHBA:12016,VZsub
DHBA:13188,VZsubr
DHBA:13189,VZsubc
DHBA:10549,GE
DHBA:13305,LGEVZ
DHBA:10551,LGE
DHBA:13306,LGEo
DHBA:13307,LGEi
DHBA:13308,LMGE
DHBA:10550,MGE
DHBA:13309,MGEo
DHBA:13310,MGEi
DHBA:10552,CGE
DHBA:13311,CGEo
DHBA:13312,CGEi
DHBA:13313,seVZ
DHBA:13314,scVZ
DHBA:10553,paVZ
DHBA:10554,thVZ
DHBA:10555,hyVZ
DHBA:10556,RMS
DHBA:13198,RMSv
DHBA:13315,RMSvv
DHBA:13316,RMSvg
DHBA:13317,RMSvs
DHBA:13199,RMSh
DHBA:13318,RMShv
DHBA:13319,RMShg
DHBA:13320,RMShs
DHBA:13077,CalS
DHBA:13075,DHTC
DHBA:13074,IPTC
DHBA:13079,OlfP
DHBA:13078,PFG
DHBA:10507,PPL
DHBA:13076,ScG
DHBA:146034626,TCete
DHBA:13321,TCexc
DHBA:10158,Tel
DHBA:10159,Cx
DHBA:10160,NCx
DHBA:10161,FCx
DHBA:10172,PFC
DHBA:10190,A10
DHBA:10191,A10m
DHBA:10895,A10m1
DHBA:10896,A10m2
DHBA:10897,A10m3
DHBA:10898,A10m4
DHBA:10899,A10m5
DHBA:10900,A10m6
DHBA:10192,A10l
DHBA:10901,A10l1
DHBA:10902,A10l2
DHBA:10903,A10l3
DHBA:10904,A10l4
DHBA:10905,A10l5
DHBA:10906,A10l6
DHBA:10193,A10o
DHBA:10907,A10o1
DHBA:10908,A10o2
DHBA:10909,A10o3
DHBA:10910,A10o4
DHBA:10911,A10o5
DHBA:10912,A10o6
DHBA:10173,DFC
DHBA:10174,A8
DHBA:10175,A8ld
DHBA:10821,A8ld1
DHBA:10822,A8ld2
DHBA:10823,A8ld3
DHBA:10824,A8ld4
DHBA:10825,A8ld5
DHBA:10826,A8ld6
DHBA:10176,A8lv
DHBA:10827,A8lv1
DHBA:10828,A8lv2
DHBA:10829,A8lv3
DHBA:10830,A8lv4
DHBA:10831,A8lv5
DHBA:10832,A8lv6
DHBA:10177,A8m
DHBA:10833,A8m1
DHBA:10834,A8m2
DHBA:10835,A8m3
DHBA:10836,A8m4
DHBA:10837,A8m5
DHBA:10838,A8m6
DHBA:10178,A9
DHBA:10179,A9l
DHBA:10839,A9l1
DHBA:10840,A9l2
DHBA:10841,A9l3
DHBA:10842,A9l4
DHBA:10843,A9l5
DHBA:10844,A9l6
DHBA:10180,A9m
DHBA:10845,A9m1
DHBA:10846,A9m2
DHBA:10847,A9m3
DHBA:10848,A9m4
DHBA:10849,A9m5
DHBA:10850,A9m6
DHBA:10181,A9/46
DHBA:10182,A9/46d
DHBA:10851,A9/46d1
DHBA:10852,A9/46d2
DHBA:10853,A9/46d3
DHBA:10854,A9/46d4
DHBA:10855,A9/46d5
DHBA:10856,A9/46d6
DHBA:10183,A9/46v
DHBA:10857,A9/46v1
DHBA:10858,A9/46v2
DHBA:10859,A9/46v3
DHBA:10860,A9/46v4
DHBA:10861,A9/46v5
DHBA:10862,A9/46v6
DHBA:10184,A46
DHBA:10863,A46d
DHBA:10864,A46d1
DHBA:10865,A46d2
DHBA:10866,A46d3
DHBA:10867,A46d4
DHBA:10868,A46d5
DHBA:10869,A46d6
DHBA:10870,A46v
DHBA:10871,A46v1
DHBA:10872,A46v2
DHBA:10873,A46v3
DHBA:10874,A46v4
DHBA:10875,A46v5
DHBA:10876,A46v6
DHBA:10185,VFC
DHBA:10186,A44
DHBA:266441105,A44d
DHBA:266441109,A44d1
DHBA:266441113,A44d2
DHBA:266441117,A44d3
DHBA:266441121,A44d4
DHBA:266441125,A44d5
DHBA:266441129,A44d6
DHBA:266441133,A44v
DHBA:266441137,A44v1
DHBA:266441141,A44v2
DHBA:266441145,A44v3
DHBA:266441149,A44v4
DHBA:266441153,A44v5
DHBA:266441157,A44v6
DHBA:266441161,A44op
DHBA:266441165,A44op1
DHBA:266441169,A44op2
DHBA:266441173,A44op3
DHBA:266441177,A44op4
DHBA:266441181,A44op5
DHBA:266441185,A44op6
DHBA:10187,A45
DHBA:10188,A45r
DHBA:10883,A45r1
DHBA:10884,A45r2
DHBA:10885,A45r3
DHBA:10886,A45r4
DHBA:10887,A45r5
DHBA:10888,A45r6
DHBA:10189,A45c
DHBA:10889,A45c1
DHBA:10890,A45c2
DHBA:10891,A45c3
DHBA:10892,A45c4
DHBA:10893,A45c5
DHBA:10894,A45c6
DHBA:266441189,A45op
DHBA:266441193,A45op1
DHBA:266441197,A45op2
DHBA:266441201,A45op3
DHBA:266441205,A45op4
DHBA:266441209,A45op5
DHBA:266441213,A45op6
DHBA:10194,OFC
DHBA:10195,OFCm
DHBA:10196,A14r
DHBA:10738,A14r1
DHBA:10739,A14r2
DHBA:10740,A14r3
DHBA:10741,A14r4
DHBA:10742,A14r5
DHBA:10743,A14r6
DHBA:10197,A14c
DHBA:10744,A14c1
DHBA:10745,A14c2
DHBA:10746,A14c3
DHBA:10747,A14c4
DHBA:10748,A14c5
DHBA:10749,A14c6
DHBA:10198,OFCi
DHBA:10199,A11
DHBA:10200,A11m
DHBA:10750,A11m1
DHBA:10751,A11m2
DHBA:10752,A11m3
DHBA:10753,A11m4
DHBA:10754,A11m5
DHBA:10755,A11m6
DHBA:10201,A11l
DHBA:10756,A11l1
DHBA:10757,A11l2
DHBA:10758,A11l3
DHBA:10759,A11l4
DHBA:10760,A11l5
DHBA:10761,A11l6
DHBA:10202,A13
DHBA:10203,A13m
DHBA:10762,A13m1
DHBA:10763,A13m2
DHBA:10764,A13m3
DHBA:10765,A13m4
DHBA:10766,A13m5
DHBA:10767,A13m6
DHBA:10204,A13l
DHBA:10768,A13l1
DHBA:10769,A13l2
DHBA:10770,A13l3
DHBA:10771,A13l4
DHBA:10772,A13l5
DHBA:10773,A13l6
DHBA:10205,OFCl
DHBA:10206,A12/47m
DHBA:10774,A12/47m1
DHBA:10775,A12/47m2
DHBA:10776,A12/47m3
DHBA:10777,A12/47m4
DHBA:10778,A12/47m5
DHBA:10779,A12/47m6
DHBA:10207,A12/47l
DHBA:10780,A12/47l1
DHBA:10781,A12/47l2
DHBA:10782,A12/47l3
DHBA:10783,A12/47l4
DHBA:10784,A12/47l5
DHBA:10785,A12/47l6
DHBA:10162,PoFC
DHBA:10163,M1C
DHBA:10164,M1hf
DHBA:10786,M1hf1
DHBA:10787,M1hf2
DHBA:10788,M1hf3
DHBA:10789,M1hf5
DHBA:10790,M1hf6
DHBA:10165,M1ul
DHBA:10791,M1ul1
DHBA:10792,M1ul2
DHBA:10793,M1ul3
DHBA:10794,M1ul5
DHBA:10795,M1ul6
DHBA:10166,M1tr
DHBA:10796,M1tr1
DHBA:10797,M1tr2
DHBA:10798,M1tr3
DHBA:10799,M1tr5
DHBA:10800,M1tr6
DHBA:10167,M1lm
DHBA:10801,M1lm1
DHBA:10802,M1lm2
DHBA:10803,M1lm3
DHBA:10804,M1lm5
DHBA:10805,M1lm6
DHBA:10168,PMC
DHBA:10169,A6ld
DHBA:10806,A6ld1
DHBA:10807,A6ld2
DHBA:10808,A6ld3
DHBA:10809,A6ld5
DHBA:10810,A6ld6
DHBA:10170,A6lv
DHBA:10811,A6lv1
DHBA:10812,A6lv2
DHBA:10813,A6lv3
DHBA:10814,A6lv5
DHBA:10815,A6lv6
DHBA:10171,A6m
DHBA:10816,A6m1
DHBA:10817,A6m2
DHBA:10818,A6m3
DHBA:10819,A6m5
DHBA:10820,A6m6
DHBA:266441217,A6/32
DHBA:266441221,A6/32-1
DHBA:266441225,A6/32-2
DHBA:266441229,A6/32-3
DHBA:266441233,A6/32-4
DHBA:266441237,A6/32-5
DHBA:266441241,A6/32-6
DHBA:10291,M1C-S1C
DHBA:10208,PCx
DHBA:10209,S1C
DHBA:10210,S1hf
DHBA:10913,S1hf1
DHBA:10914,S1hf2
DHBA:10915,S1hf3
DHBA:10916,S1hf4
DHBA:10917,S1hf5
DHBA:10918,S1hf6
DHBA:10211,S1ul
DHBA:10919,S1ul1
DHBA:10920,S1ul2
DHBA:10921,S1ul3
DHBA:10922,S1ul4
DHBA:10923,S1ul5
DHBA:10924,S1ul6
DHBA:10212,S1tr
DHBA:10925,S1tr1
DHBA:10926,S1tr2
DHBA:10927,S1tr3
DHBA:10928,S1tr4
DHBA:10929,S1tr5
DHBA:10930,S1tr6
DHBA:10213,S1lm
DHBA:10931,S1lm1
DHBA:10932,S1lm2
DHBA:10933,S1lm3
DHBA:10934,S1lm4
DHBA:10935,S1lm5
DHBA:10936,S1lm6
DHBA:13010,ScC
DHBA:10214,PoPC
DHBA:10215,SPC
DHBA:10216,A5
DHBA:10217,A5ci
DHBA:10979,A5ci1
DHBA:10980,A5ci2
DHBA:10981,A5ci3
DHBA:10982,A5ci4
DHBA:10983,A5ci5
DHBA:10984,A5ci6
DHBA:10218,A5l
DHBA:10985,A5l1
DHBA:10986,A5l2
DHBA:10987,A5l3
DHBA:10988,A5l4
DHBA:10989,A5l5
DHBA:10990,A5l6
DHBA:10219,A5m
DHBA:10991,A5m1
DHBA:10992,A5m2
DHBA:10993,A5m3
DHBA:10994,A5m4
DHBA:10995,A5m5
DHBA:10996,A5m6
DHBA:10220,A7
DHBA:10221,A7r
DHBA:10997,A7r1
DHBA:10998,A7r2
DHBA:10999,A7r3
DHBA:11000,A7r4
DHBA:11001,A7r5
DHBA:11002,A7r6
DHBA:10222,A7m
DHBA:11003,A7m1
DHBA:11004,A7m2
DHBA:11005,A7m3
DHBA:11006,A7m4
DHBA:11007,A7m5
DHBA:11008,A7m6
DHBA:10223,A7c
DHBA:11009,A7c1
DHBA:11010,A7c2
DHBA:11011,A7c3
DHBA:11012,A7c4
DHBA:11013,A7c5
DHBA:11014,A7c6
DHBA:10224,A7pc
DHBA:11015,A7pc1
DHBA:11016,A7pc2
DHBA:11017,A7pc3
DHBA:11018,A7pc4
DHBA:11019,A7pc5
DHBA:11020,A7pc6
DHBA:267498979,A7ip
DHBA:267498983,A7ipr
DHBA:267498987,A7ipr1
DHBA:267498991,A7ipr2
DHBA:267498995,A7ipr3
DHBA:267498999,A7ipr4
DHBA:267499003,A7ipr5
DHBA:267499007,A7ipr6
DHBA:267499011,A7ipc
DHBA:267499015,A7ipc1
DHBA:267499019,A7ipc2
DHBA:267499023,A7ipc3
DHBA:267499027,A7ipc4
DHBA:267499031,A7ipc5
DHBA:267499035,A7ipc6
DHBA:10225,IPC
DHBA:10226,A40
DHBA:10227,A40rd
DHBA:10937,A40rd1
DHBA:10938,A40rd2
DHBA:10939,A40rd3
DHBA:10940,A40rd4
DHBA:10941,A40rd5
DHBA:10942,A40rd6
DHBA:10228,A40rv
DHBA:10943,A40rv1
DHBA:10944,A40rv2
DHBA:10945,A40rv3
DHBA:10946,A40rv4
DHBA:10947,A40rv5
DHBA:10948,A40rv6
DHBA:10231,A40in
DHBA:10961,A40in1
DHBA:10962,A40in2
DHBA:10963,A40in3
DHBA:10964,A40in4
DHBA:10965,A40in5
DHBA:10966,A40in6
DHBA:146034630,A40/39
DHBA:146034634,A40/39r
DHBA:146034638,A40/39r1
DHBA:146034642,A40/39r2
DHBA:146034646,A40/39r3
DHBA:146034650,A40/39r4
DHBA:146034654,A40/39r5
DHBA:146034658,A40/39r6
DHBA:146034662,A40/39c
DHBA:146034666,A40/39c1
DHBA:146034670,A40/39c2
DHBA:146034674,A40/39c3
DHBA:146034678,A40/39c4
DHBA:146034682,A40/39c5
DHBA:146034686,A40/39c6
DHBA:10232,A39
DHBA:10233,A39r
DHBA:10967,A39r1
DHBA:10968,A39r2
DHBA:10969,A39r3
DHBA:10970,A39r4
DHBA:10971,A39r5
DHBA:10972,A39r6
DHBA:10234,A39c
DHBA:10973,A39c1
DHBA:10974,A39c2
DHBA:10975,A39c3
DHBA:10976,A39c4
DHBA:10977,A39c5
DHBA:10978,A39c6
DHBA:13323,RI
DHBA:10235,TCx
DHBA:13322,DLTC
DHBA:10236,A1C
DHBA:10237,A41
DHBA:11021,A41-1
DHBA:11022,A41-2
DHBA:11023,A41-3
DHBA:11024,A41-4
DHBA:11025,A41-5
DHBA:11026,A41-6
DHBA:10238,A1Cr
DHBA:11027,A1Cr1
DHBA:11028,A1Cr2
DHBA:11029,A1Cr3
DHBA:11030,A1Cr4
DHBA:11031,A1Cr5
DHBA:11032,A1Cr6
DHBA:10239,A42
DHBA:11051,A42-1
DHBA:11052,A42-2
DHBA:11053,A42-3
DHBA:11054,A42-4
DHBA:11055,A42-5
DHBA:11056,A42-6
DHBA:10240,SLTC
DHBA:10241,ASTC
DHBA:11063,A22r1
DHBA:11064,A22r2
DHBA:11065,A22r3
DHBA:11066,A22r4
DHBA:11067,A22r5
DHBA:11068,A22r6
DHBA:10242,ISTC
DHBA:11069,A22i1
DHBA:11070,A22i2
DHBA:11071,A22i3
DHBA:11072,A22i4
DHBA:11073,A22i5
DHBA:11074,A22i6
DHBA:10243,STC
DHBA:11057,A22c1
DHBA:11058,A22c2
DHBA:11059,A22c3
DHBA:11060,A22c4
DHBA:11061,A22c5
DHBA:11062,A22c6
DHBA:10244,PSTC
DHBA:10245,A22pr
DHBA:11075,A22pr1
DHBA:11076,A22pr2
DHBA:11077,A22pr3
DHBA:11078,A22pr4
DHBA:11079,A22pr5
DHBA:11080,A22pr6
DHBA:10246,A22pi
DHBA:11081,A22pi1
DHBA:11082,A22pi2
DHBA:11083,A22pi3
DHBA:11084,A22pi4
DHBA:11085,A22pi5
DHBA:11086,A22pi6
DHBA:10247,A22pc
DHBA:11087,A22pc1
DHBA:11088,A22pc2
DHBA:11089,A22pc3
DHBA:11090,A22pc4
DHBA:11091,A22pc5
DHBA:11092,A22pc6
DHBA:10267,PI
DHBA:11158,PI1
DHBA:11159,PI2
DHBA:11160,PI3
DHBA:11161,PI4
DHBA:11162,PI5
DHBA:11163,PI6
DHBA:13324,VLTC
DHBA:10248,MTC
DHBA:10249,A21r
DHBA:11093,A21r1
DHBA:11094,A21r2
DHBA:11095,A21r3
DHBA:11096,A21r4
DHBA:11097,A21r5
DHBA:11098,A21r6
DHBA:10250,A21i
DHBA:11099,A21i1
DHBA:11100,A21i2
DHBA:11101,A21i3
DHBA:11102,A21i4
DHBA:11103,A21i5
DHBA:11104,A21i6
DHBA:10251,A21c
DHBA:11105,A21c1
DHBA:11106,A21c2
DHBA:11107,A21c3
DHBA:11108,A21c4
DHBA:11109,A21c5
DHBA:11110,A21c6
DHBA:10252,ITC
DHBA:10253,A20r
DHBA:11033,A20r1
DHBA:11034,A20r2
DHBA:11035,A20r3
DHBA:11036,A20r4
DHBA:11037,A20r5
DHBA:11038,A20r6
DHBA:10254,A20i
DHBA:11039,A20i1
DHBA:11040,A20i2
DHBA:11041,A20i3
DHBA:11042,A20i4
DHBA:11043,A20i5
DHBA:11044,A20i6
DHBA:10255,A20c
DHBA:11045,A20c1
DHBA:11046,A20c2
DHBA:11047,A20c3
DHBA:11048,A20c4
DHBA:11049,A20c5
DHBA:11050,A20c6
DHBA:10256,MITC
DHBA:10257,A36
DHBA:10258,A36r
DHBA:11111,A36r1
DHBA:11112,A36r2
DHBA:11113,A36r3
DHBA:11114,A36r4
DHBA:11115,A36r5
DHBA:11116,A36r6
DHBA:10259,A36c
DHBA:11117,A36c1
DHBA:11118,A36c2
DHBA:11119,A36c3
DHBA:11120,A36c4
DHBA:11121,A36c5
DHBA:11122,A36c6
DHBA:10260,TF
DHBA:11123,TF1
DHBA:11124,TF2
DHBA:11125,TF3
DHBA:11126,TF4
DHBA:11127,TF5
DHBA:11128,TF6
DHBA:10263,PPHC
DHBA:10264,TH
DHBA:11141,TH1
DHBA:11142,TH2
DHBA:11143,TH3
DHBA:11144,TH5
DHBA:11145,TH6
DHBA:10265,TL
DHBA:11146,TL1
DHBA:11147,TL2
DHBA:11148,TL3
DHBA:11149,TL4
DHBA:11150,TL5
DHBA:11151,TL6
DHBA:10261,TFO
DHBA:11129,TFO1
DHBA:11130,TFO2
DHBA:11131,TFO3
DHBA:11132,TFO4
DHBA:11133,TFO5
DHBA:11134,TFO6
DHBA:10262,A37
DHBA:11135,A37-1
DHBA:11136,A37-2
DHBA:11137,A37-3
DHBA:11138,A37-4
DHBA:11139,A37-5
DHBA:11140,A37-6
DHBA:10266,A38
DHBA:11152,A38-1
DHBA:11153,A38-2
DHBA:11154,A38-3
DHBA:11155,A38-4
DHBA:11156,A38-5
DHBA:11157,A38-6
DHBA:267499039,V5/MT
DHBA:267499043,V5/MT1
DHBA:267499047,V5/MT2
DHBA:267499051,V5/MT3
DHBA:267499055,V5/MT4
DHBA:267499059,V5/MT5
DHBA:267499063,V5/MT6
DHBA:267499067,LO
DHBA:267499071,LO1
DHBA:267499075,LO2
DHBA:267499079,LO3
DHBA:267499083,LO4
DHBA:267499087,LO5
DHBA:267499091,LO6
DHBA:10268,Ocx
DHBA:13011,Pro
DHBA:13012,Pro1
DHBA:13013,Pro2
DHBA:13014,Pro3
DHBA:13015,Pro4
DHBA:13016,Pro5
DHBA:13017,Pro6
DHBA:10269,V1C
DHBA:11164,V1-1
DHBA:11165,V1-2
DHBA:11166,V1-3
DHBA:11167,V1-4
DHBA:11168,V1-4A
DHBA:11169,V1-4B
DHBA:11170,V1-4C
DHBA:11171,V1-4Ca
DHBA:11172,V1-4Cb
DHBA:11173,V1-5
DHBA:11174,V1-6
DHBA:10270,ESOC
DHBA:146034690,Vx
DHBA:10271,V2
DHBA:11175,V2-1
DHBA:11176,V2-2
DHBA:11177,V2-3
DHBA:11178,V2-4
DHBA:11179,V2-5
DHBA:11180,V2-6
DHBA:10272,PSC
DHBA:10273,V3
DHBA:11181,V3-1
DHBA:11182,V3-2
DHBA:11183,V3-3
DHBA:11184,V3-4
DHBA:11185,V3-5
DHBA:11186,V3-6
DHBA:10274,VP
DHBA:11187,VP1
DHBA:11188,VP2
DHBA:11189,VP3
DHBA:11190,VP4
DHBA:11191,VP5
DHBA:11192,VP6
DHBA:10275,V3A
DHBA:11193,V3A-1
DHBA:11194,V3A-2
DHBA:11195,V3A-3
DHBA:11196,V3A-4
DHBA:11197,V3A-5
DHBA:11198,V3A-6
DHBA:10276,V4
DHBA:11199,V4-1
DHBA:11200,V4-2
DHBA:11201,V4-3
DHBA:11202,V4-4
DHBA:11203,V4-5
DHBA:11204,V4-6
DHBA:267499095,V3B
DHBA:267499099,V3B1
DHBA:267499103,V3B2
DHBA:267499107,V3B3
DHBA:267499111,V3B4
DHBA:267499115,V3B5
DHBA:267499119,V3B6
DHBA:267499123,V6
DHBA:267499127,V6-1
DHBA:267499131,V6-2
DHBA:267499135,V6-3
DHBA:267499139,V6-4
DHBA:267499143,V6-5
DHBA:267499147,V6-6
DHBA:267499151,V6A/PO
DHBA:267499155,V6A-1
DHBA:267499159,V6A-2
DHBA:267499163,V6A-3
DHBA:267499167,V6A-4
DHBA:267499171,V6A-5
DHBA:267499175,V6A-6
DHBA:267499179,V7
DHBA:267499183,V7-1
DHBA:267499187,V7-2
DHBA:267499191,V7-3
DHBA:267499195,V7-4
DHBA:267499199,V7-5
DHBA:267499203,V7-6
DHBA:10288,ICx
DHBA:10289,Idg
DHBA:15513,RIdg
DHBA:11253,RIdg1
DHBA:11254,RIdg2
DHBA:11255,RIdg3
DHBA:11256,RIdg4
DHBA:11257,RIdg5
DHBA:11258,RIdg6
DHBA:15514,CIdg
DHBA:15515,CIdg1
DHBA:15516,CIdg2
DHBA:15517,CIdg3
DHBA:15518,CIdg4
DHBA:15519,CIdg5
DHBA:15520,CIdg6
DHBA:10290,Ig
DHBA:15521,RIg
DHBA:11259,RIg1
DHBA:11260,RIg2
DHBA:11261,RIg3
DHBA:11262,RIg4
DHBA:11263,RIg5
DHBA:11264,RIg6
DHBA:15522,CIg
DHBA:15523,CIg1
DHBA:15524,CIg2
DHBA:15525,CIg3
DHBA:15526,CIg4
DHBA:15527,CIg5
DHBA:15528,CIg6
DHBA:10277,CCx
DHBA:10278,MFC
DHBA:10279,A24
DHBA:11212,A24-1
DHBA:11213,A24-2
DHBA:11214,A24-3
DHBA:11215,A24-5a
DHBA:11216,A24-5b
DHBA:11217,A24-6
DHBA:10280,A32
DHBA:11218,A32-1
DHBA:11219,A32-2
DHBA:11220,A32-3
DHBA:11221,A32-4
DHBA:11222,A32-5
DHBA:11223,A32-6
DHBA:10281,A25
DHBA:11224,A25-1
DHBA:11225,A25-2
DHBA:11226,A25-3
DHBA:11227,A25-5
DHBA:11228,A25-6
DHBA:10282,MCC
DHBA:10283,A24mc
DHBA:11229,A24mc-1
DHBA:11230,A24mc-2
DHBA:11231,A24mc-3
DHBA:11232,A24mc-5a
DHBA:11233,A24mc-5b
DHBA:11234,A24mc-6
DHBA:10284,A32mc
DHBA:11235,A32mc-1
DHBA:11236,A32mc-2
DHBA:11237,A32mc-3
DHBA:11238,A32mc-4
DHBA:11239,A32mc-5
DHBA:11240,A32mc-6
DHBA:10285,PCC
DHBA:10286,A23
DHBA:11241,A23-1
DHBA:11242,A23-2
DHBA:11243,A23-3
DHBA:11244,A23-4
DHBA:11245,A23-5
DHBA:11246,A23-6
DHBA:10287,A31
DHBA:11247,A31-1
DHBA:11248,A31-2
DHBA:11249,A31-3
DHBA:11250,A31-4
DHBA:11251,A31-5
DHBA:11252,A31-6
DHBA:10313,PACx
DHBA:10314,PArCx
DHBA:10320,A35
DHBA:10321,A35r
DHBA:11455,A35r1
DHBA:11456,A35r2
DHBA:11457,A35r3
DHBA:11458,A35r3a
DHBA:11459,A35r3b
DHBA:11460,A35r3u
DHBA:11461,A35r5
DHBA:11462,A35r6
DHBA:10322,A35c
DHBA:11463,A35c1
DHBA:11464,A35c2
DHBA:11465,A35c3
DHBA:11466,A35c3a
DHBA:11467,A35c3b
DHBA:11468,A35c3u
DHBA:11469,A35c5
DHBA:11470,A35c6
DHBA:10317,EC
DHBA:10318,LEC
DHBA:11371,EO
DHBA:11373,EO1
DHBA:11372,EOs
DHBA:11374,EO2
DHBA:11375,EO3
DHBA:11376,EO3a
DHBA:11377,EO3b
DHBA:13020,EOld
DHBA:11378,EOd
DHBA:11379,EO5
DHBA:11380,EO6
DHBA:11381,ER
DHBA:11383,ER1
DHBA:11382,ERs
DHBA:11384,ER2
DHBA:11385,ER3
DHBA:11386,ER3a
DHBA:11387,ER3b
DHBA:13021,ERld
DHBA:11388,ERd
DHBA:11389,ER5
DHBA:11390,ER6
DHBA:11391,ELR
DHBA:11393,ELR1
DHBA:11392,ELRs
DHBA:11394,ELR2
DHBA:11395,ELR3
DHBA:11396,ELR3a
DHBA:11397,ELR3b
DHBA:13022,ELRld
DHBA:11398,ELRd
DHBA:11399,ELR5
DHBA:11400,ELR6
DHBA:11401,EMI
DHBA:11403,EMI1
DHBA:11402,EMIs
DHBA:11404,EMI2
DHBA:11405,EMI3
DHBA:11406,EMI3a
DHBA:11407,EMI3b
DHBA:11408,EMIld
DHBA:11409,EMId
DHBA:11410,EMI5
DHBA:11411,EMI6
DHBA:10319,MEC
DHBA:11412,ELI
DHBA:11414,ELI1
DHBA:11413,ELIs
DHBA:11415,ELI2
DHBA:11416,ELI3
DHBA:11417,ELI3a
DHBA:11418,ELI3b
DHBA:11419,ELIld
DHBA:11420,ELId
DHBA:11421,ELI5
DHBA:11422,ELI6
DHBA:11423,Ec
DHBA:11425,Ec1
DHBA:11424,Ecs
DHBA:11426,Ec2
DHBA:11427,Ec3
DHBA:11428,Ec3a
DHBA:11429,Ec3b
DHBA:11430,Ecld
DHBA:11431,Ecd
DHBA:11432,Ec5
DHBA:11433,Ec6
DHBA:11434,ECL
DHBA:11436,ECL1
DHBA:11435,ECLs
DHBA:11437,ECL2
DHBA:11438,ECL3
DHBA:11439,ECL3a
DHBA:11440,ECL3b
DHBA:11441,ECLld
DHBA:11442,ECLd
DHBA:11443,ECL5
DHBA:11444,ECL6
DHBA:11445,ELC
DHBA:11447,ELC1
DHBA:11446,ELCs
DHBA:11448,ELC2
DHBA:11449,ELC3
DHBA:11450,ELC3a
DHBA:11451,ELC3b
DHBA:13023,ELCld
DHBA:11452,ELCd
DHBA:11453,ELC5
DHBA:11454,ELC6
DHBA:10316,PaS
DHBA:11359,PaSb
DHBA:11360,PaSb1
DHBA:11361,PaSb2-3
DHBA:11362,PaSbld
DHBA:13018,PaSb5-6
DHBA:11365,PaSa
DHBA:11366,PaSa1
DHBA:11367,PaSa2-3
DHBA:11368,PaSald
DHBA:13019,PaSa5-6
DHBA:10315,PrS
DHBA:11341,PrSr
DHBA:11343,PrSr1
DHBA:11342,PrSrs
DHBA:11344,PrSr2
DHBA:11345,PrSr3
DHBA:11346,PrSrld
DHBA:11347,PrSrd
DHBA:11348,PrSr5
DHBA:11349,PrSr6
DHBA:11350,PrSc
DHBA:11352,PrSc1
DHBA:11351,PrScs
DHBA:11353,PrSc2
DHBA:11354,PrSc3
DHBA:11355,PrScld
DHBA:11356,PrScd
DHBA:11357,PrSc5
DHBA:11358,PrSc6
DHBA:10324,RSC
DHBA:10325,A29
DHBA:11476,A29-1
DHBA:11477,A29-2
DHBA:11478,A29-3
DHBA:13024,A29-5-6
DHBA:10326,A30
DHBA:11481,A30-1
DHBA:11482,A30-2
DHBA:11483,A30-3
DHBA:11484,A30-5
DHBA:11485,A30-6
DHBA:10327,PPCx
DHBA:10328,Iag
DHBA:11486,Iag1
DHBA:11487,Iag2
DHBA:11488,Iag3
DHBA:11489,Iag5
DHBA:11490,Iag6
DHBA:10329,FI
DHBA:11491,FI1
DHBA:11492,FI2
DHBA:11493,FI3
DHBA:11494,FI5
DHBA:11495,FI6
DHBA:10330,TI
DHBA:11496,TI1
DHBA:11497,TI2
DHBA:11498,TI3
DHBA:11499,TI5
DHBA:11500,TI6
DHBA:10292,ACx
DHBA:10293,ArCx
DHBA:10294,HIP
DHBA:10295,DG
DHBA:266441247,DGU
DHBA:266441251,DGUmo
DHBA:266441255,DGUgr
DHBA:266441259,DGUsg
DHBA:266441263,DGUpf
DHBA:11265,DGR
DHBA:11266,DGRmo
DHBA:11267,DGRgr
DHBA:11268,DGRsg
DHBA:11269,DGRpf
DHBA:11270,DGC
DHBA:11271,DGCmo
DHBA:11272,DGCgr
DHBA:11273,DGCsg
DHBA:11274,DGCpf
DHBA:10296,Hipp
DHBA:10297,CA1
DHBA:266441267,CA1U
DHBA:266441271,CA1Uslm
DHBA:266441275,CA1Usmo
DHBA:266441279,CA1Usla
DHBA:266441283,CA1Usr
DHBA:266441287,CA1Usp
DHBA:266441291,CA1Uso
DHBA:11275,CA1R
DHBA:11276,CA1Rslm
DHBA:266441295,CA1Rsmo
DHBA:266441299,CA1Rsla
DHBA:11277,CA1Rsr
DHBA:11278,CA1Rsp
DHBA:11279,CA1Rso
DHBA:11280,CA1C
DHBA:11281,CA1Cslm
DHBA:266441303,CA1Csmo
DHBA:266441307,CA1Csla
DHBA:11282,CA1Csr
DHBA:11283,CA1Csp
DHBA:11284,CA1Cso
DHBA:10298,CA2
DHBA:266441311,CA2U
DHBA:266441315,CA2Uslm
DHBA:266441319,CA2Usmo
DHBA:266441323,CA2Usla
DHBA:266441327,CA2Usr
DHBA:266441331,CA2Usp
DHBA:266441335,CA2Uso
DHBA:11285,CA2R
DHBA:11286,CA2Rslm
DHBA:266441339,CA2Rsmo
DHBA:266441343,CA2Rsla
DHBA:11287,CA2Rsr
DHBA:11288,CA2Rsp
DHBA:11289,CA2Rso
DHBA:11290,CA2C
DHBA:11291,CA2Cslm
DHBA:266441347,CA2Csmo
DHBA:266441351,CA2Csla
DHBA:11292,CA2Csr
DHBA:11293,CA2Csp
DHBA:11294,CA2Cso
DHBA:10299,CA3
DHBA:266441355,CA3U
DHBA:266441359,CA3Uslm
DHBA:266441363,CA3Usmo
DHBA:266441367,CA3Usla
DHBA:266441371,CA3Usr
DHBA:266441375,CA3Usl
DHBA:266441379,CA3Usp
DHBA:266441383,CA3Uso
DHBA:11295,CA3R
DHBA:11296,CA3Rslm
DHBA:266441387,CA3Rsmo
DHBA:266441391,CA3Rsla
DHBA:11297,CA3Rsr
DHBA:11298,CA3Rsl
DHBA:11299,CA3Rsp
DHBA:11300,CA3Rso
DHBA:11301,CA3C
DHBA:11302,CA3Cslm
DHBA:266441395,CA3Csmo
DHBA:266441399,CA3Csla
DHBA:11303,CA3Csr
DHBA:11304,CA3Csl
DHBA:11305,CA3Csp
DHBA:11306,CA3Cso
DHBA:10300,CA4
DHBA:266441403,CA4Upy
DHBA:11307,CA4Rpy
DHBA:11308,CA4Cpy
DHBA:10301,Sub
DHBA:10302,S
DHBA:266441407,S-U
DHBA:266441411,SUmo
DHBA:266441415,SUpy
DHBA:266441419,SUpm
DHBA:11309,S-R
DHBA:11310,SRmo
DHBA:11311,SRpy
DHBA:11312,SRpf
DHBA:11313,S-C
DHBA:11314,SCmo
DHBA:11315,SCpy
DHBA:11316,SCpf
DHBA:10303,ProS
DHBA:266441423,ProU
DHBA:266441427,ProUmo
DHBA:266441431,ProUsp
DHBA:266441435,ProUso
DHBA:11317,ProR
DHBA:11318,ProRmo
DHBA:11319,ProRsp
DHBA:11320,ProRso
DHBA:11321,ProC
DHBA:11322,ProCmo
DHBA:11323,ProCsp
DHBA:11324,ProCso
DHBA:11325,SuS
DHBA:13326,SuSm
DHBA:13327,SuSp
DHBA:15529,SuSd
DHBA:10304,IG
DHBA:13328,IGm
DHBA:13329,IGp
DHBA:15530,IGd
DHBA:10305,TT
DHBA:15531,TTm
DHBA:15532,TTp
DHBA:15533,TTd
DHBA:10306,PalCx
DHBA:10307,OB
DHBA:11326,OBonl
DHBA:11327,OBglo
DHBA:11328,OBopl
DHBA:11329,OBmcl
DHBA:11330,OBipl
DHBA:11331,OBgcl
DHBA:10308,AON
DHBA:10309,NLOT
DHBA:10310,OT
DHBA:11332,OT1
DHBA:11333,OT2
DHBA:11334,OT3
DHBA:146034694,LOA
DHBA:146034698,LOA1
DHBA:146034702,LOA2
DHBA:146034706,LOA3
DHBA:266441439,LOAlc
DHBA:266441443,LOAdc
DHBA:10311,Pir
DHBA:11335,Pir1
DHBA:11336,Pir2
DHBA:11337,Pir3
DHBA:10312,PEA
DHBA:11338,PEA1
DHBA:11339,PEA2
DHBA:11340,PEA3
DHBA:10331,CN
DHBA:10361,AMY
DHBA:10362,AAA
DHBA:146034710,AAAd
DHBA:146034714,AAAv
DHBA:10363,CEN
DHBA:10364,CEm
DHBA:11501,CEmd
DHBA:11502,CEmv
DHBA:10365,CEl
DHBA:11503,CElap
DHBA:11504,CElca
DHBA:11505,CElpc
DHBA:11506,CElcn
DHBA:10372,CMN
DHBA:10373,Co
DHBA:10374,CoA
DHBA:11528,CoAd
DHBA:11529,CoAv
DHBA:13025,CoA-m
DHBA:10375,CoP
DHBA:146034718,CoPd
DHBA:146034722,CoPv
DHBA:13026,CoP-m
DHBA:10376,Me
DHBA:11530,MeR
DHBA:11531,MeC
DHBA:11532,MeCd
DHBA:11533,MeCv
DHBA:13027,Me-m
DHBA:10377,AHA
DHBA:146034726,AHAmc
DHBA:146034730,AHApc
DHBA:13028,AHA-m
DHBA:10366,BLN
DHBA:10367,La
DHBA:11507,LaD
DHBA:11508,LaDr
DHBA:11509,LaDl
DHBA:11510,LaCom
DHBA:11511,LaDm
DHBA:11512,LaI
DHBA:11513,LaV
DHBA:11514,LaVl
DHBA:11515,LaVm
DHBA:146034734,LaVglo
DHBA:10368,BL
DHBA:11516,BLD
DHBA:11517,BLDl
DHBA:11518,BLI
DHBA:11519,BLV
DHBA:11520,BLVl
DHBA:11521,BLVm
DHBA:10369,BM
DHBA:11522,BMD
DHBA:11523,BMDl
DHBA:11524,BMDm
DHBA:11525,BMV
DHBA:11526,BMVl
DHBA:11527,BMVm
DHBA:266441447,BMm
DHBA:266441451,BV
DHBA:10370,PL
DHBA:146034738,PLglo
DHBA:10371,En
DHBA:10378,INA
DHBA:266441457,IMG
DHBA:10379,ATA
DHBA:10380,AHTA
DHBA:13035,AHTA-m
DHBA:10381,ASTA
DHBA:10382,ACTA
DHBA:13036,ACTA-m
DHBA:13330,SA
DHBA:10383,EXA
DHBA:10384,BNST
DHBA:10385,BNSTm
DHBA:11555,BSTmr
DHBA:11556,BSTmc
DHBA:11557,BSTmcl
DHBA:11559,BSTmm
DHBA:266441461,BSTmv
DHBA:10386,BNSTl
DHBA:11561,BSTlj
DHBA:11562,BSTld
DHBA:11563,BSTlv
DHBA:266441465,BSTlcn
DHBA:266441469,BSTlcn-s
DHBA:11564,BSTlc
DHBA:266441473,BSTlcm
DHBA:266441477,BSTlcd
DHBA:266441481,BSTlcv
DHBA:11565,BNSTsc
DHBA:11566,BSTscl
DHBA:11567,BSTscm
DHBA:11568,BNSTin
DHBA:10387,SLEA
DHBA:11569,SLEAm
DHBA:11570,SLEAc
DHBA:10388,IPAC
DHBA:10332,BN
DHBA:10333,STR
DHBA:10334,Ca
DHBA:10335,CaH
DHBA:11534,CaHrp
DHBA:11535,CaHdl
DHBA:11536,CaHvm
DHBA:10336,CaB
DHBA:10337,CaT
DHBA:146034742,Eca
DHBA:146034746,CaPu
DHBA:10338,Pu
DHBA:11537,PuR
DHBA:146034750,PuRv
DHBA:11538,PuC
DHBA:11539,Pld
DHBA:11540,Pint
DHBA:11541,Pmv
DHBA:146034754,PuPV
DHBA:11542,PuMG
DHBA:10339,NAC
DHBA:10340,NACc
DHBA:11543,NACcl
DHBA:11544,NACcm
DHBA:10341,NACs
DHBA:11545,NACsl
DHBA:11546,NACsi
DHBA:11547,NACsm
DHBA:10342,GP
DHBA:10343,GPe
DHBA:10344,GPi
DHBA:11548,GPic
DHBA:11549,GPip
DHBA:146034758,EnPN
DHBA:10345,VeP
DHBA:10346,Cla
DHBA:10347,CLd
DHBA:10348,CLv
DHBA:146034762,CLt
DHBA:10349,BF
DHBA:10350,SEP
DHBA:10351,MSN
DHBA:10352,LSN
DHBA:11550,LSNd
DHBA:11551,LSNi
DHBA:11552,LSNv
DHBA:266441485,CSN
DHBA:13032,SFi
DHBA:266441491,TSN
DHBA:13029,SHi
DHBA:13030,Ld
DHBA:13031,PLd
DHBA:13033,SHy
DHBA:10353,BNM
DHBA:11553,BNMl
DHBA:11554,BNMm
DHBA:10354,NDB
DHBA:10355,NDBv
DHBA:10356,NDBh
DHBA:10357,NSP
DHBA:10358,IsCj
DHBA:10359,IsCjm
DHBA:10360,IsCjs
DHBA:13034,SI
DHBA:266441495,SI-pc
DHBA:266441499,SI-nc
DHBA:10389,Die
DHBA:10390,THM
DHBA:10391,DTH
DHBA:10392,ANC
DHBA:10393,AD
DHBA:10394,AM
DHBA:10395,AV
DHBA:10396,LD
DHBA:10397,MNC
DHBA:10398,MD
DHBA:10399,MDd
DHBA:10400,MDm
DHBA:266441503,MDmc
DHBA:266441507,MDam
DHBA:10401,MDl
DHBA:10402,MDc
DHBA:10403,Re
DHBA:10404,Pt
DHBA:10406,LNC
DHBA:10407,DLN
DHBA:10408,LP
DHBA:10409,Pul
DHBA:10410,Pulr
DHBA:10411,Pulm
DHBA:10412,Pull
DHBA:10413,Puli
DHBA:10414,Pulil
DHBA:10415,Pulim
DHBA:10416,VLN
DHBA:10417,VA
DHBA:10418,VApr
DHBA:10419,VAmc
DHBA:10420,VL
DHBA:10421,VLR
DHBA:10422,VLC
DHBA:13037,VLCd
DHBA:13038,VLCv
DHBA:13039,VLCx
DHBA:10423,VPT
DHBA:10424,VPL
DHBA:266441511,VPLr
DHBA:266441515,VPLc
DHBA:10425,VPM
DHBA:146034766,VPMpc
DHBA:10426,VPI
DHBA:13040,VMb
DHBA:10427,VM
DHBA:10428,PoN
DHBA:10429,LG
DHBA:10430,DLG
DHBA:10431,DLGmc
DHBA:11571,DLG1
DHBA:11572,DLG2
DHBA:10432,DLGpc
DHBA:11573,DLG3
DHBA:11574,DLG4
DHBA:11575,DLG5
DHBA:11576,DLG6
DHBA:13041,DLGs
DHBA:266441519,DLGk
DHBA:13042,PG
DHBA:10434,MG
DHBA:10435,DMG
DHBA:10436,DMGad
DHBA:10437,DMGpd
DHBA:10438,VMG
DHBA:10439,MMG
DHBA:266441523,LiMG
DHBA:10440,Po
DHBA:10441,LSG
DHBA:13043,Lim
DHBA:13044,SGN
DHBA:10442,ILN
DHBA:10443,AILN
DHBA:10444,CL
DHBA:266441527,CLm
DHBA:266441531,CLl
DHBA:266441535,CLs
DHBA:266441539,CLc
DHBA:10445,CeM
DHBA:10446,PC
DHBA:13331,CD
DHBA:10448,PILN
DHBA:10449,CM
DHBA:13050,CMl
DHBA:13051,CMm
DHBA:10450,Pf
DHBA:13052,Pfl
DHBA:13053,Pfm
DHBA:13054,SPf
DHBA:15534,RPf
DHBA:13047,Fa
DHBA:13045,MiN
DHBA:10447,Rh
DHBA:13046,PeVA
DHBA:13048,IAM
DHBA:13049,IMD
DHBA:10451,ETH
DHBA:10452,HN
DHBA:10453,LHN
DHBA:10454,LHNmc
DHBA:10455,LHNpc
DHBA:10456,MHN
DHBA:10457,PaV
DHBA:10458,PaVr
DHBA:10459,PaVc
DHBA:10460,Pin
DHBA:10461,VTH
DHBA:10462,FF
DHBA:10463,ZI
DHBA:13055,ZId
DHBA:13056,ZIv
DHBA:13057,EnP
DHBA:13058,PSTh
DHBA:10464,R
DHBA:13059,Rmc
DHBA:13060,Rpc
DHBA:10465,SubTH
DHBA:10466,STH
DHBA:13332,STHm
DHBA:13333,STHld
DHBA:13334,STHlv
DHBA:10467,HTH
DHBA:10468,HTHpo
DHBA:10469,PeVpo
DHBA:266441543,DPe
DHBA:13061,AVPe
DHBA:13062,AMPO
DHBA:266441547,MPA
DHBA:10470,MPN
DHBA:10471,LPA
DHBA:10472,IMH
DHBA:13063,MnPO
DHBA:10473,HTHso
DHBA:10474,PeVso
DHBA:10475,AHN
DHBA:266441551,AnHA
DHBA:10476,PV
DHBA:10477,PVd
DHBA:10478,PVmc
DHBA:10479,PVpc
DHBA:13064,PVpo
DHBA:15535,UnN
DHBA:10480,SCN
DHBA:13065,SCNd
DHBA:13066,SCNc
DHBA:15536,RCN
DHBA:10481,SO
DHBA:13067,SOm
DHBA:13068,SOl
DHBA:10482,LHAa
DHBA:13069,SuV
DHBA:266441555,SPZ
DHBA:10483,HTHtub
DHBA:10484,PeVtub
DHBA:266441559,JPLH
DHBA:13335,DHA
DHBA:10485,DMH
DHBA:10486,DMHc
DHBA:10487,DMHd
DHBA:10488,VMH
DHBA:10489,VMHd
DHBA:10490,VMHv
DHBA:10491,VMHc
DHBA:15537,PMH
DHBA:10492,Arc
DHBA:10493,LT
DHBA:10494,LHAtub
DHBA:13070,LHmc
DHBA:13337,LHsc
DHBA:266441563,PalHy
DHBA:13071,NCN
DHBA:13338,ME
DHBA:13339,MEE
DHBA:13340,MEI
DHBA:10495,HTHma
DHBA:10496,TM
DHBA:10497,SUM
DHBA:10498,MN
DHBA:10499,MM
DHBA:10500,MMl
DHBA:10501,MMm
DHBA:11577,MMb
DHBA:10502,LM
DHBA:10503,PHN
DHBA:10504,LHAp
DHBA:11578,PeF
DHBA:13072,PMN
DHBA:13073,RMA
DHBA:10505,Pit
DHBA:11579,Ret
DHBA:10557,FWM
DHBA:10558,FCFT
DHBA:10559,ac
DHBA:10561,cc
DHBA:10562,ccr
DHBA:10563,ccg
DHBA:12024,ccg-mi
DHBA:10564,ccb
DHBA:266441567,ccbr
DHBA:266441571,ccbi
DHBA:266441575,ccbc
DHBA:10565,ccs
DHBA:12025,ccs-ma
DHBA:266441579,ccs-in
DHBA:12026,ccrd
DHBA:12027,tap
DHBA:10566,hac
DHBA:10560,hic
DHBA:12022,dhic
DHBA:12023,vhic
DHBA:12028,smc
DHBA:10568,FIFT
DHBA:10570,alv
DHBA:12029,amtg
DHBA:266441583,ar
DHBA:266441587,agb
DHBA:10571,al
DHBA:266441591,ap
DHBA:10569,af
DHBA:15538,bx
DHBA:10572,cb
DHBA:15539,cb-cx
DHBA:15540,cb-tx
DHBA:13215,comb
DHBA:12030,cor
DHBA:15541,cor-a
DHBA:15542,cor-s
DHBA:15543,cor-p
DHBA:266441595,cbu-sc
DHBA:12031,cpa
DHBA:12032,cst
DHBA:12033,dpa
DHBA:12034,dib
DHBA:12035,dlf
DHBA:12036,dob
DHBA:10573,extC
DHBA:12037,emlgp
DHBA:12038,emlth
DHBA:10574,extrC
DHBA:10575,fim
DHBA:10576,fx
DHBA:10577,fx-co
DHBA:266441599,fxc-r
DHBA:266441603,fxc-c
DHBA:10578,fx-b
DHBA:10579,fx-cr
DHBA:12041,hyhp
DHBA:10580,ilf
DHBA:12059,ithp
DHBA:10581,ic
DHBA:10582,aic
DHBA:12042,pfpf
DHBA:12043,athf
DHBA:10583,gic
DHBA:12044,cbu-ic
DHBA:12045,cre
DHBA:10584,pic
DHBA:12046,lthp
DHBA:12047,csp
DHBA:12048,fpn
DHBA:12049,sthr
DHBA:12050,cte
DHBA:12051,cru
DHBA:12052,relp
DHBA:12053,pthr
DHBA:12054,or-rl
DHBA:12055,ppn
DHBA:12056,opn
DHBA:12057,oco
DHBA:12058,sulp
DHBA:12060,ar-sl
DHBA:12061,tepn
DHBA:12062,imlgp
DHBA:12063,imlth
DHBA:12064,lls
DHBA:10585,lf
DHBA:266441609,mp
DHBA:12065,mtg
DHBA:10586,mtt
DHBA:266441613,mcht
DHBA:10587,mfb
DHBA:12066,mls
DHBA:266441617,or-lp
DHBA:12067,milf
DHBA:12068,npa
DHBA:12069,nst
DHBA:10588,off
DHBA:12070,offi
DHBA:12071,offs
DHBA:12073,olt
DHBA:12074,ost
DHBA:12075,lost
DHBA:12076,most
DHBA:10644,ox
DHBA:15544,on
DHBA:266441621,or
DHBA:10589,ot
DHBA:266441625,opt
DHBA:12077,pni
DHBA:12078,ptg
DHBA:12079,pth
DHBA:12080,perf
DHBA:266441629,perp
DHBA:12081,ponb
DHBA:266441633,rthp
DHBA:12082,sst
DHBA:12083,sste
DHBA:12084,ssti
DHBA:15545,saf
DHBA:12085,szt
DHBA:10590,smt
DHBA:10591,st
DHBA:12086,spa
DHBA:12087,sni
DHBA:12088,sth
DHBA:12072,scf
DHBA:12089,sthf
DHBA:266441637,sprs
DHBA:10592,slf
DHBA:266441641,slf-m
DHBA:266441645,slf-i
DHBA:266441649,slf-l
DHBA:13216,sox
DHBA:266441653,tpul
DHBA:10593,thf
DHBA:12090,thpa
DHBA:12091,thst
DHBA:12092,tuin
DHBA:10594,unf
DHBA:12093,vamy
DHBA:10595,FV
DHBA:10596,LV
DHBA:10597,aLV
DHBA:10598,bLV
DHBA:266441657,xLV
DHBA:10599,pLV
DHBA:10600,iLV
DHBA:12021,olr
DHBA:10602,3V
DHBA:10603,ifr3V
DHBA:10604,por3V
DHBA:266441661,pir3V
DHBA:10605,spr3V
DHBA:12100,mmr3V
DHBA:10608,IVF
DHBA:10609,FSS
DHBA:10610,CeS
DHBA:10611,PriS
DHBA:10612,cas
DHBA:13217,cas-r
DHBA:13218,cas-c
DHBA:13219,cas-cs
DHBA:13220,cas-ci
DHBA:10613,cals
DHBA:10614,cs
DHBA:10615,cis
DHBA:10616,mr
DHBA:10617,csr
DHBA:13341,csr-u
DHBA:13342,csr-l
DHBA:10618,cols
DHBA:146034772,cols-r
DHBA:146034776,cols-c
DHBA:10619,hf
DHBA:10620,ips
DHBA:10621,las
DHBA:12107,las-r
DHBA:12108,las-m
DHBA:12109,las-c
DHBA:10622,los
DHBA:10623,ots
DHBA:10624,ols
DHBA:10625,ors
DHBA:13221,ors-m
DHBA:13222,ors-l
DHBA:13223,ors-t
DHBA:10626,pos
DHBA:146034780,pos-le
DHBA:10627,pocs
DHBA:10628,prcs
DHBA:10629,sts
DHBA:12110,tranf
DHBA:10630,SecS
DHBA:146034784,aos
DHBA:146034788,ascs
DHBA:13227,csin
DHBA:13226,ers
DHBA:12111,fimd
DHBA:146034792,fms
DHBA:10631,ifs
DHBA:10632,its
DHBA:146034796,imfs
DHBA:146034800,ios
DHBA:266441665,mffs
DHBA:146034804,mos
DHBA:146034808,mligs
DHBA:146034812,lus
DHBA:146034816,mfs
DHBA:10633,pacs
DHBA:10634,pacis
DHBA:146034820,phligs
DHBA:10635,pols
DHBA:146034824,pols-r
DHBA:146034828,pols-c
DHBA:13343,prin
DHBA:13344,poin
DHBA:146034832,poscs
DHBA:10636,rs
DHBA:146034836,ros
DHBA:146034840,ros-s
DHBA:146034844,ros-i
DHBA:10637,ss
DHBA:10638,sps
DHBA:10639,sfs
DHBA:146034848,spas
DHBA:10640,tps
DHBA:13224,tps-m
DHBA:13225,tps-l
DHBA:146034852,tts
DHBA:146034856,atts
DHBA:146034860,ptts
DHBA:146034864,ims
DHBA:146034868,tts-le
DHBA:13228,tros
DHBA:10641,us
DHBA:12112,CeG
DHBA:12113,FroL
DHBA:12114,PrCG
DHBA:12115,SFG
DHBA:12116,MFG
DHBA:12117,IFG
DHBA:12118,IFGtr
DHBA:12119,IFGop
DHBA:12120,IFGor
DHBA:12121,ReG
DHBA:12122,MOrG
DHBA:12123,AOrG
DHBA:12124,POrG
DHBA:12125,LOrG
DHBA:12126,PCLr
DHBA:146034872,PaCG
DHBA:12127,FrO
DHBA:12128,OrO
DHBA:146034876,RoG
DHBA:12129,SRoG
DHBA:12130,IRoG
DHBA:13229,LOG
DHBA:146034884,FMG
DHBA:146034888,FP
DHBA:12131,ParL
DHBA:12132,PoCG
DHBA:12133,SPL
DHBA:12134,IPL
DHBA:12135,SMG
DHBA:12136,AnG
DHBA:12137,PrCun
DHBA:12138,PCLc
DHBA:13230,PaO
DHBA:12139,TemL
DHBA:12140,STG
DHBA:12141,MTG
DHBA:12142,ITG
DHBA:12143,FuGt
DHBA:146034892,PRG
DHBA:12144,TTG
DHBA:13231,TTGr
DHBA:13232,TTGc
DHBA:12145,PLT
DHBA:12146,TP
DHBA:146034896,PRL
DHBA:12147,PLP
DHBA:12148,OccL
DHBA:12149,OP
DHBA:146034900,OPR
DHBA:146034904,OTR
DHBA:12150,Cun
DHBA:12151,LiG
DHBA:12152,FuGo
DHBA:12153,IOG
DHBA:12154,SOG
DHBA:12176,InL
DHBA:12177,LIG
DHBA:12178,SIG
DHBA:12155,LimL
DHBA:12156,CgG
DHBA:12157,CgGr
DHBA:12158,CgGc
DHBA:266441669,CgGrs
DHBA:12159,IsCPH
DHBA:12160,SCG
DHBA:12161,PTG
DHBA:12162,PHG
DHBA:12163,APH
DHBA:12164,PPH
DHBA:12165,UN
DHBA:12166,AG
DHBA:12167,BG
DHBA:12168,ILG
DHBA:12169,SLG
DHBA:12170,HiF
DHBA:12171,HiH
DHBA:12172,HiD
DHBA:12173,HiB
DHBA:12174,HiT
DHBA:12175,FaG
DHBA:13233,Retz
DHBA:266441673,Subx
DHBA:266441677,PrPir
DHBA:10642,APS
DHBA:13234,HaTr
DHBA:10643,InF
DHBA:12179,LI
DHBA:15546,MB
DHBA:10645,PrN
DHBA:10646,TPUJ
DHBA:12180,TN
DHBA:10647,TC
DHBA:146034908,ASFV
DHBA:12095,CalA
DHBA:10601,ChoLV
DHBA:10606,Cho3V
DHBA:12094,ChoF
DHBA:12096,ColE
DHBA:12097,ColT
DHBA:10607,hyths
DHBA:12102,InTh
DHBA:12105,LaT
DHBA:12106,OVLT
DHBA:12104,SFO
DHBA:12098,Pell
DHBA:12099,cpell
DHBA:266441681,vip
DHBA:266441685,fbv
DHBA:10648,M
DHBA:10649,MGM
DHBA:12181,PTR
DHBA:12182,PTN
DHBA:12183,DPT
DHBA:12184,MPT
DHBA:12185,NOP
DHBA:12186,OPT
DHBA:12187,APT
DHBA:12188,APTc
DHBA:12189,APTr
DHBA:12190,AOP
DHBA:12191,AOPd
DHBA:12192,AOPl
DHBA:12193,AOPm
DHBA:12195,MTg
DHBA:12196,MEN
DHBA:12197,EW
DHBA:12198,3N
DHBA:12199,3AM
DHBA:12200,3CC
DHBA:12201,3C
DHBA:12202,3D
DHBA:12204,3M
DHBA:12205,3Vn
DHBA:12206,4N
DHBA:13235,S4N
DHBA:12207,MAN
DHBA:12208,Me5
DHBA:12209,PAG
DHBA:12210,PAGD
DHBA:12211,PAGdm
DHBA:12212,PAGdl
DHBA:12213,PAGl
DHBA:12214,PAGvl
DHBA:12215,PAGpl
DHBA:12216,PAGV
DHBA:12217,DRc
DHBA:12218,Dk
DHBA:12219,PC3
DHBA:12220,Su3C
DHBA:12221,Su3
DHBA:12222,MRa
DHBA:12223,DR
DHBA:12224,DRC
DHBA:12225,DRD
DHBA:12226,DRI
DHBA:12227,DRL
DHBA:12228,DRV
DHBA:12229,DRVL
DHBA:12230,Lin
DHBA:12231,CLiZ
DHBA:12232,CLinAz
DHBA:12233,CLinZ
DHBA:12234,RLin
DHBA:12235,MnR
DHBA:12236,PMnR
DHBA:12237,PDR
DHBA:12238,Rbd
DHBA:15547,isRt
DHBA:12239,MRF
DHBA:12240,CnF
DHBA:12241,PrCnF
DHBA:12242,U
DHBA:12243,PTg
DHBA:12244,PTgC
DHBA:12245,PTgD
DHBA:12246,SubCn
DHBA:15548,Lth
DHBA:12247,RN
DHBA:12248,RNdm
DHBA:12249,RNmc
DHBA:12250,RNpc
DHBA:12251,SN
DHBA:12252,SNC
DHBA:12253,SNCd
DHBA:12254,SNCm
DHBA:12255,SNCv
DHBA:12257,SNL
DHBA:12259,SNR
DHBA:146034938,VTR
DHBA:12261,VTA
DHBA:12262,IF
DHBA:12263,PBP
DHBA:12264,PIF
DHBA:12265,PaN
DHBA:12270,IP
DHBA:12271,IPa
DHBA:12272,IPc
DHBA:12273,IPdm
DHBA:12274,IPi
DHBA:12275,IPl
DHBA:12276,IPr
DHBA:12277,XMTg
DHBA:15549,CeMe
DHBA:15550,CTF
DHBA:15551,DA8
DHBA:12203,I3
DHBA:12278,InC
DHBA:13236,Lt
DHBA:12279,MCPC
DHBA:12280,MA3
DHBA:12281,MiTg
DHBA:15552,p1Rt
DHBA:12282,PaC
DHBA:12283,PaP
DHBA:12284,Pa4
DHBA:12285,PP
DHBA:12286,PDTg
DHBA:12287,PrC
DHBA:12288,PrEW
DHBA:15553,RIs
DHBA:12289,RRF
DHBA:12290,SubB
DHBA:12291,MTc
DHBA:12292,SC
DHBA:12293,SCS
DHBA:12294,SCSon
DHBA:12295,SCSg
DHBA:12296,SCSw
DHBA:12297,SCSz
DHBA:12298,SCI
DHBA:12299,SCIg
DHBA:12300,SCIw
DHBA:12301,SCD
DHBA:12302,SCDg
DHBA:12303,SCDw
DHBA:12304,BrSC
DHBA:12305,IC
DHBA:12306,CxIC
DHBA:12307,CICd
DHBA:12308,CICe
DHBA:12309,CIC
DHBA:266441689,ICN
DHBA:12194,INPC
DHBA:12310,MxTZ
DHBA:12311,BrIC
DHBA:12312,PBG
DHBA:12313,Sag
DHBA:12101,SCO
DHBA:12314,MTS
DHBA:12315,MNM
DHBA:12316,M-1
DHBA:12317,M-2
DHBA:12326,MZM
DHBA:12319,IZM
DHBA:12320,IZMro
DHBA:12321,IZMal
DHBA:12322,IZMba
DHBA:12323,IZMbam
DHBA:12324,IZMbal
DHBA:12325,IZMfl
DHBA:12318,VZM
DHBA:10650,MWM
DHBA:12327,bic
DHBA:12328,bsc
DHBA:12329,ctg-m
DHBA:12330,cpd
DHBA:12331,cpn-m
DHBA:266441693,fpn-m
DHBA:266441697,potpn-m
DHBA:12332,py-m
DHBA:266441701,cbu-m
DHBA:12333,cmic
DHBA:12335,cme
DHBA:12336,xrsp
DHBA:12337,xscp
DHBA:12338,x4
DHBA:12339,dlf-m
DHBA:12340,xdtg
DHBA:12341,dtth-m
DHBA:12342,fr
DHBA:12343,hysp-m
DHBA:12344,iptg
DHBA:12345,issp-m
DHBA:12346,ll-m
DHBA:12347,ml-m
DHBA:12348,mlf-m
DHBA:12349,mtg-m
DHBA:12350,me5-m
DHBA:10567,poc
DHBA:12351,rubu-m
DHBA:12334,rol-m
DHBA:12352,rsp-m
DHBA:12353,sl-m
DHBA:12354,scp
DHBA:12355,cbru
DHBA:12356,cbth
DHBA:12357,dtth
DHBA:12358,geru
DHBA:12359,rucb
DHBA:12360,tcb
DHBA:12361,vscb-m
DHBA:12362,tbu-m
DHBA:12363,tol
DHBA:12364,tpn
DHBA:12365,tsp-m
DHBA:12366,xvtg
DHBA:12367,vtth-m
DHBA:12368,wmtg
DHBA:10651,MV
DHBA:12369,Aq
DHBA:10652,MSS
DHBA:12370,fsmv
DHBA:12371,ipf
DHBA:12372,pops
DHBA:12373,icr
DHBA:12374,ocs
DHBA:12375,qgb
DHBA:12376,r3
DHBA:12377,r4
DHBA:12378,trill
DHBA:266441705,mbv
DHBA:10653,H
DHBA:10654,HGM
DHBA:10655,Met
DHBA:10656,CB
DHBA:10657,CBC
DHBA:10658,CBV
DHBA:12379,VeA
DHBA:13237,VeAm
DHBA:13238,VeAp
DHBA:13239,VeAg
DHBA:12380,VePo
DHBA:12381,VePs
DHBA:13240,VePsm
DHBA:13241,VePsp
DHBA:13242,VePsg
DHBA:12382,VePi
DHBA:13243,VePim
DHBA:13244,VePip
DHBA:13245,VePig
DHBA:12383,VeF
DHBA:13246,VeFm
DHBA:13247,VeFp
DHBA:13248,VeFg
DHBA:10659,CBH
DHBA:12384,CBPV
DHBA:12385,PVA
DHBA:13249,PVAm
DHBA:13250,PVAp
DHBA:13251,PVAg
DHBA:12386,PVP
DHBA:12387,PVPs
DHBA:13252,PVPsm
DHBA:13253,PVPsp
DHBA:13254,PVPsg
DHBA:12388,PVPi
DHBA:13255,PVPim
DHBA:13256,PVPip
DHBA:13257,PVPig
DHBA:12389,PVF
DHBA:13258,PVFm
DHBA:13259,PVFp
DHBA:13260,PVFg
DHBA:12390,CBL
DHBA:12391,CBLA
DHBA:13261,CBLAm
DHBA:13262,CBLAp
DHBA:13263,CBLAg
DHBA:12392,CBLP
DHBA:12393,CBLPs
DHBA:13264,CBLPsm
DHBA:13265,CBLPsp
DHBA:13266,CBLPsg
DHBA:12394,CBLPi
DHBA:13267,CBLPim
DHBA:13268,CBLPip
DHBA:13269,CBLPig
DHBA:12395,CBLF
DHBA:13270,CBLFm
DHBA:13271,CBLFp
DHBA:13272,CBLFg
DHBA:10660,CbDN
DHBA:12396,DT
DHBA:12397,DTlv
DHBA:12398,DTmd
DHBA:12399,InP
DHBA:12400,InPM
DHBA:12401,InPL
DHBA:12402,Fas
DHBA:12403,FasL
DHBA:12404,FasM
DHBA:267499207,BIcb
DHBA:10661,Pn
DHBA:12405,PnBa
DHBA:12406,PN
DHBA:12407,PNd
DHBA:12408,PNdl
DHBA:12409,PNdm
DHBA:12410,PNl
DHBA:12411,PNm
DHBA:12412,PNpar
DHBA:12413,PNped
DHBA:12414,RTg
DHBA:12416,PnTg
DHBA:12417,PnEN
DHBA:12418,6N
DHBA:12419,Acs7
DHBA:12420,7N
DHBA:12421,7D
DHBA:12422,7VI
DHBA:12424,7VM
DHBA:15554,7SH
DHBA:12427,7VL
DHBA:12428,Lac
DHBA:12429,Mo5
DHBA:12430,Mo5lpt
DHBA:12431,Mo5ma
DHBA:12432,Mo5mpt
DHBA:12433,Mo5my
DHBA:12434,Mo5te
DHBA:12435,SuSV
DHBA:12436,PnAN
DHBA:12437,8Co
DHBA:12438,DCo
DHBA:12442,GrCo
DHBA:12439,VCo
DHBA:12440,VCoR
DHBA:12441,VCoC
DHBA:12443,Me5-p
DHBA:12444,Pr5
DHBA:12445,Pr5dm
DHBA:12446,Pr5vl
DHBA:12447,Sp5o
DHBA:12448,8Ve-p
DHBA:12449,LVe
DHBA:12450,LVeMC
DHBA:12451,LVePC
DHBA:12452,SuVe
DHBA:12266,VTg
DHBA:146034960,VTgR
DHBA:12267,VTgI
DHBA:12268,VTgP
DHBA:12269,VTgS
DHBA:12453,PnAR
DHBA:12454,LLN
DHBA:12455,DLL
DHBA:12456,ILL
DHBA:12457,VLL
DHBA:12458,TrZ
DHBA:12459,TrZl
DHBA:12460,TrZm
DHBA:12461,TrZv
DHBA:12462,SOC
DHBA:12464,POI
DHBA:12465,LPOI
DHBA:12466,MPOI
DHBA:12467,RO
DHBA:12468,SOI
DHBA:12469,LSO
DHBA:12470,MSO
DHBA:12463,SPO
DHBA:266441709,PrO
DHBA:12471,PnRa
DHBA:12472,DR-p
DHBA:12473,MnR-p
DHBA:12474,PMnRt
DHBA:12475,PRn
DHBA:12476,RIP
DHBA:12480,PnRF
DHBA:12481,PB
DHBA:12482,LPB
DHBA:12483,LPBc
DHBA:12484,LPBd
DHBA:12485,LPBe
DHBA:12486,LPBs
DHBA:12487,MPB
DHBA:12488,MPBe
DHBA:12489,MPBm
DHBA:12490,SPP
DHBA:12491,SPB
DHBA:12492,PnRt
DHBA:12493,PnC
DHBA:12494,PnO
DHBA:12495,PLN
DHBA:12496,PMn
DHBA:12497,RtTg
DHBA:15555,RtTgD
DHBA:12498,PnNA
DHBA:12499,NC
DHBA:12500,SubC
DHBA:12501,SubCd
DHBA:12502,SubCv
DHBA:12503,XPnTg
DHBA:12504,Acs5
DHBA:12505,AInS
DHBA:15556,B9
DHBA:12506,Bar
DHBA:146034964,PnCG
DHBA:12507,CAT
DHBA:12508,DTg
DHBA:12509,DTgC
DHBA:12510,DTgP
DHBA:15557,DMTg
DHBA:146034968,PnE
DHBA:12512,EpC
DHBA:12513,PnG
DHBA:12514,IIMLF
DHBA:12515,IMLF
DHBA:12516,I5
DHBA:12517,JxO
DHBA:12518,KF
DHBA:12519,LDTg
DHBA:12520,LDTgD
DHBA:12521,LDTgV
DHBA:146034972,NI
DHBA:12522,K
DHBA:12523,L
DHBA:12524,Pa6
DHBA:12525,PCuN
DHBA:12526,LPCu
DHBA:12527,MPCu
DHBA:12425,PF7
DHBA:12528,PnBi
DHBA:12529,P5
DHBA:12530,R7
DHBA:12531,RTz
DHBA:266441713,5N
DHBA:12534,VLTg
DHBA:12662,SGe
DHBA:10662,Mo
DHBA:12535,MoPy
DHBA:12536,Ar
DHBA:12537,Ct
DHBA:12538,MoTg
DHBA:12539,MoEN
DHBA:12540,Amb
DHBA:12541,AmbC
DHBA:12542,AmbL
DHBA:12543,AmbSC
DHBA:12545,12N
DHBA:12546,12GH
DHBA:12547,12L
DHBA:12548,12M
DHBA:12549,12V
DHBA:12544,InSV
DHBA:12550,10N
DHBA:12551,10CaI
DHBA:12552,10CeI
DHBA:12553,10DI
DHBA:12554,10DR
DHBA:12555,10F
DHBA:15558,10VI
DHBA:15559,10VR
DHBA:12556,MoAN
DHBA:12557,Sol
DHBA:12558,SolC
DHBA:12559,SolD
DHBA:12560,SolDL
DHBA:12561,SolG
DHBA:12562,SolIM
DHBA:12563,SolI
DHBA:12564,SolIc
DHBA:12565,SolIr
DHBA:12566,SolM
DHBA:12567,SolPaC
DHBA:12568,SolV
DHBA:12569,SolVL
DHBA:12570,SSol
DHBA:12571,PSol
DHBA:12572,Sp5
DHBA:12573,Sp5C
DHBA:12574,Sp5C1
DHBA:12575,Sp5C2
DHBA:12576,SP5C3/4
DHBA:12577,DM5
DHBA:12578,Sp5ip
DHBA:12579,8Ve
DHBA:12580,I8
DHBA:12581,MVe
DHBA:12582,MVeMC
DHBA:12583,MVePC
DHBA:12584,EVe
DHBA:12585,SpVe
DHBA:12586,PaVe
DHBA:12587,MoSR
DHBA:12588,ECu
DHBA:12589,Cu
DHBA:12590,CuR
DHBA:12591,CuT
DHBA:12592,Gr
DHBA:12593,GrC
DHBA:12594,GrR
DHBA:12595,PrCbN
DHBA:12596,Crb
DHBA:12597,DPMn
DHBA:12598,CDPMn
DHBA:12599,ODPMn
DHBA:12600,IO
DHBA:12601,IODM
DHBA:12602,IOBe
DHBA:12603,IOD
DHBA:12604,IODC
DHBA:12605,IOM
DHBA:12606,IOK
DHBA:12607,IOA
DHBA:12608,IOB
DHBA:12609,IOC
DHBA:12610,IOPr
DHBA:12611,IOVL
DHBA:12612,InM
DHBA:12613,IPo
DHBA:12614,PnbN
DHBA:12615,PrH
DHBA:12616,MoRF
DHBA:12617,DRt
DHBA:12620,IRt
DHBA:12621,CVL
DHBA:12622,NA/A
DHBA:12623,RVRG
DHBA:12624,RVL
DHBA:12625,GiRt
DHBA:12631,GiRtA
DHBA:12629,LPGi
DHBA:12626,PGi
DHBA:12627,APGi
DHBA:12628,DPGi
DHBA:12630,GiRtV
DHBA:12632,LMRt
DHBA:12634,LRt
DHBA:12635,LRtMC
DHBA:12636,LRtPC
DHBA:12637,LRtS5
DHBA:266441717,Li
DHBA:12639,MdD
DHBA:12640,MdV
DHBA:12618,PCRt
DHBA:12619,PCRtA
DHBA:12641,MoRa
DHBA:12642,RMg
DHBA:12643,ROb
DHBA:12644,RPa
DHBA:146034978,NPRa
DHBA:12645,XMoTg
DHBA:15560,Au
DHBA:146034982,BI
DHBA:12646,Bo
DHBA:12647,CGL
DHBA:146034986,MoCG
DHBA:15561,DPO
DHBA:146034990,MoE
DHBA:12648,EL
DHBA:12649,EF
DHBA:12650,IF12
DHBA:146034994,IB
DHBA:146034998,Nt
DHBA:12651,Z
DHBA:12652,Y
DHBA:12653,X
DHBA:12654,Ro
DHBA:12655,PaRa
DHBA:12656,Pa5
DHBA:12657,PeCu
DHBA:12658,Pe5
DHBA:12659,PrBo
DHBA:12660,RAmb
DHBA:12661,SSp
DHBA:12663,SuL
DHBA:10663,HTS
DHBA:13345,CBT
DHBA:13346,VeT
DHBA:13347,VeTe
DHBA:13348,VeTm
DHBA:13349,VeTp
DHBA:13350,VeTi
DHBA:13351,VeTis
DHBA:13352,VeTid
DHBA:13353,VeTv
DHBA:13354,PRVT
DHBA:13355,PRVTe
DHBA:13356,PRVTm
DHBA:13357,PRVTp
DHBA:13358,PRVTi
DHBA:13359,PRVTis
DHBA:13360,PRVTid
DHBA:13361,PRVTv
DHBA:13362,CbLT
DHBA:13363,CbLTe
DHBA:13364,CbLTm
DHBA:13365,CbLTp
DHBA:13366,CbLTi
DHBA:13367,CbLTis
DHBA:13368,CbLTid
DHBA:13369,CbLTv
DHBA:13370,CbFT
DHBA:13371,CbFTe
DHBA:13372,CbFTm
DHBA:13373,CbFTp
DHBA:13374,CbFTi
DHBA:13375,CbFTis
DHBA:13376,CbFTid
DHBA:13377,CbFTv
DHBA:13378,TGCbN
DHBA:12698,CbP
DHBA:12701,MZCbP
DHBA:12700,IZCbP
DHBA:12981,NTZ
DHBA:12982,CTZ
DHBA:12699,VZCbP
DHBA:12716,CbS
DHBA:12717,CbSi
DHBA:12718,CbSe
DHBA:12664,HNM
DHBA:12665,RhIS
DHBA:12666,RhA
DHBA:12667,Rh1
DHBA:12668,Rh2
DHBA:12669,Rh3
DHBA:12670,RhB
DHBA:12671,Rh4
DHBA:12672,RhC
DHBA:12673,Rh5
DHBA:12674,Rh6
DHBA:12675,Rh7
DHBA:12676,RhD
DHBA:12677,Rh8
DHBA:10664,RhL
DHBA:10665,URL
DHBA:12702,EGLU
DHBA:10666,LRL
DHBA:12703,EGLL
DHBA:10667,TCC
DHBA:12704,MCCP
DHBA:12705,ICCP
DHBA:12706,LCCP
DHBA:12707,TPk
DHBA:12708,PkA
DHBA:12709,PkB
DHBA:12710,PkC
DHBA:12711,PkD
DHBA:12712,PkE
DHBA:12713,PkF
DHBA:12714,PkG
DHBA:12715,PkH
DHBA:12722,MSH
DHBA:12723,REMS
DHBA:12724,CEMS
DHBA:12725,ImMS
DHBA:12694,MZH
DHBA:12695,MZCB
DHBA:12696,MZPN
DHBA:12697,MZMO
DHBA:12682,IZH
DHBA:12684,IZHal
DHBA:12685,SSA
DHBA:12686,GSA
DHBA:12687,GVA
DHBA:12688,SVA
DHBA:12689,IZHba
DHBA:12690,GVE
DHBA:12691,SVE
DHBA:12692,GSE
DHBA:12693,IZHfl
DHBA:12683,IZHro
DHBA:12678,VZH
DHBA:12679,VZCB
DHBA:12680,VZPN
DHBA:12681,VZMO
DHBA:12719,PnFlx
DHBA:12720,CrSlp
DHBA:12721,CaSlp
DHBA:12726,PnbB
DHBA:12727,RhGv
DHBA:10668,HWM
DHBA:12728,ami
DHBA:12729,af7
DHBA:12730,ctg
DHBA:266441721,cpn
DHBA:12731,cuf
DHBA:12732,xml
DHBA:12733,das
DHBA:12734,def
DHBA:12735,dlf-h
DHBA:12736,dtgth
DHBA:12737,eaf
DHBA:12738,g7
DHBA:12739,gr
DHBA:15562,hio
DHBA:12740,hysp
DHBA:12741,icp
DHBA:12742,rsf
DHBA:12743,cbrf
DHBA:12744,cbvf
DHBA:12745,cucb
DHBA:12746,dsc
DHBA:12747,ocb
DHBA:12748,rcbtm
DHBA:12749,sct
DHBA:12750,jx
DHBA:12751,fasr
DHBA:12752,fasv
DHBA:12753,tgcb
DHBA:12754,vecb
DHBA:12755,ias
DHBA:12756,iaf
DHBA:12757,issp
DHBA:12758,lbrs
DHBA:12759,lcs
DHBA:12760,ll
DHBA:12761,lvs
DHBA:12762,lfpn
DHBA:12763,ml
DHBA:12764,mlf
DHBA:12765,metg
DHBA:12766,mvet
DHBA:12767,me5
DHBA:12768,mcp
DHBA:12769,pncb
DHBA:12770,rctp
DHBA:12771,olcob
DHBA:12772,xpy
DHBA:12773,py
DHBA:12774,cbu-h
DHBA:12775,cre-h
DHBA:12776,csp-h
DHBA:12777,rsp
DHBA:12778,lrsp
DHBA:12779,vrsp
DHBA:12780,rbb
DHBA:12781,rol
DHBA:12782,rusp
DHBA:12783,sol
DHBA:12784,slh
DHBA:12785,spb
DHBA:12786,sphy
DHBA:12787,spme
DHBA:12788,spre
DHBA:12789,spth
DHBA:12790,spve
DHBA:12791,tbu
DHBA:12792,sp5
DHBA:12793,spol
DHBA:12822,sm4V
DHBA:12794,tsp
DHBA:12795,tfp
DHBA:12796,tz
DHBA:12797,tri5
DHBA:266441725,ubcb
DHBA:12798,vcsp
DHBA:12799,vexf
DHBA:12800,vresp
DHBA:12801,vscb
DHBA:12802,vtg
DHBA:12803,vtth
DHBA:12804,veme
DHBA:10669,HV
DHBA:12805,4V
DHBA:12806,4Vro
DHBA:12810,lr4V
DHBA:12813,4Vfl
DHBA:12826,cec
DHBA:10670,HSS
DHBA:12827,CbSS
DHBA:12828,cbf
DHBA:12829,prcf
DHBA:12830,pocf
DHBA:266441729,icf
DHBA:12831,prif
DHBA:12832,psf
DHBA:12833,hof
DHBA:266441733,apf
DHBA:12834,prpy
DHBA:146035004,ibif
DHBA:12835,popy
DHBA:12836,polf
DHBA:12837,CBLL
DHBA:12838,ACb
DHBA:12839,CbI
DHBA:12840,CbII
DHBA:12841,CbIII
DHBA:12842,CbIV
DHBA:12843,CbV
DHBA:12844,PCb
DHBA:12845,CbVI
DHBA:12846,CbVIIa1
DHBA:12847,CbVIIa2
DHBA:12848,CbVIIb
DHBA:12849,CbVIIIa
DHBA:12850,CbVIIIb
DHBA:12851,CbIX
DHBA:12852,FNCb
DHBA:12853,CbX
DHBA:12856,PnSS
DHBA:12857,bas
DHBA:146035008,IsRh
DHBA:12858,pbr
DHBA:12859,pmed
DHBA:12860,pmes
DHBA:12861,r6
DHBA:12862,r7
DHBA:12863,r7m
DHBA:12864,r7in
DHBA:12865,r5
DHBA:12866,r5m
DHBA:12867,r5s
DHBA:12868,r8
DHBA:12870,r8co
DHBA:12869,r8ve
DHBA:12871,rmv
DHBA:146035012,AS4V
DHBA:12807,AP
DHBA:12808,Cho4V
DHBA:12814,FaC
DHBA:12815,FovI
DHBA:12816,FovS
DHBA:12817,FnS
DHBA:12818,12Tr
DHBA:12809,la4V
DHBA:12819,LC
DHBA:12820,MEm
DHBA:12811,ma4V
DHBA:12821,MSul
DHBA:12812,Obx
DHBA:12823,SulL
DHBA:12824,Tae
DHBA:12825,10Tr
DHBA:12872,MOSS
DHBA:12873,alms
DHBA:12874,pros
DHBA:12875,cutu
DHBA:12876,dmms
DHBA:12877,fce
DHBA:12878,grtu
DHBA:12879,imv
DHBA:12880,dims
DHBA:12881,dlms
DHBA:12882,posos
DHBA:12883,r11
DHBA:12884,r11cr
DHBA:12885,r11sp
DHBA:12886,r12
DHBA:12887,r9
DHBA:12888,r10
DHBA:12889,vmms
DHBA:266441737,hbv
DHBA:12890,SpC
DHBA:146035048,SGM
DHBA:146035052,SpI
DHBA:146035056,SpII
DHBA:146035060,SpIII-IV
DHBA:146035064,SpV-VI
DHBA:146035068,SpVII
DHBA:146035072,CeCv
DHBA:146035076,SpVIII
DHBA:146035080,SpIX
DHBA:146035084,SpX
DHBA:146035088,SWM
DHBA:146035092,dfs
DHBA:146035096,lfs
DHBA:146035100,polt
DHBA:146035104,vfs
DHBA:146035108,SV
DHBA:146035112,cces
DHBA:146035116,SSS
DHBA:146035120,rsn
DHBA:146035124,vmss
DHBA:266441741,spbv
MBA:997,root
MBA:8,grey
MBA:567,CH
MBA:688,CTX
MBA:695,CTXpl
MBA:315,Isocortex
MBA:184,FRP
MBA:68,FRP1
MBA:667,FRP2/3
MBA:526157192,FRP5
MBA:526157196,FRP6a
MBA:526322264,FRP6b
MBA:500,MO
MBA:107,MO1
MBA:219,MO2/3
MBA:299,MO5
MBA:644,MO6a
MBA:947,MO6b
MBA:985,MOp
MBA:320,MOp1
MBA:943,MOp2/3
MBA:648,MOp5
MBA:844,MOp6a
MBA:882,MOp6b
MBA:993,MOs
MBA:656,MOs1
MBA:962,MOs2/3
MBA:767,MOs5
MBA:1021,MOs6a
MBA:1085,MOs6b
MBA:453,SS
MBA:12993,SS1
MBA:12994,SS2/3
MBA:12995,SS4
MBA:12996,SS5
MBA:12997,SS6a
MBA:12998,SS6b
MBA:322,SSp
MBA:793,SSp1
MBA:346,SSp2/3
MBA:865,SSp4
MBA:921,SSp5
MBA:686,SSp6a
MBA:719,SSp6b
MBA:353,SSp-n
MBA:558,SSp-n1
MBA:838,SSp-n2/3
MBA:654,SSp-n4
MBA:702,SSp-n5
MBA:889,SSp-n6a
MBA:929,SSp-n6b
MBA:329,SSp-bfd
MBA:981,SSp-bfd1
MBA:201,SSp-bfd2/3
MBA:1047,SSp-bfd4
MBA:1070,SSp-bfd5
MBA:1038,SSp-bfd6a
MBA:1062,SSp-bfd6b
MBA:480149202,VISrll
MBA:480149206,VISrll1
MBA:480149210,VISrll2/3
MBA:480149214,VISrll4
MBA:480149218,VISrll5
MBA:480149222,VISrll6a
MBA:480149226,VISrll6b
MBA:337,SSp-ll
MBA:1030,SSp-ll1
MBA:113,SSp-ll2/3
MBA:1094,SSp-ll4
MBA:1128,SSp-ll5
MBA:478,SSp-ll6a
MBA:510,SSp-ll6b
MBA:345,SSp-m
MBA:878,SSp-m1
MBA:657,SSp-m2/3
MBA:950,SSp-m4
MBA:974,SSp-m5
MBA:1102,SSp-m6a
MBA:2,SSp-m6b
MBA:369,SSp-ul
MBA:450,SSp-ul1
MBA:854,SSp-ul2/3
MBA:577,SSp-ul4
MBA:625,SSp-ul5
MBA:945,SSp-ul6a
MBA:1026,SSp-ul6b
MBA:361,SSp-tr
MBA:1006,SSp-tr1
MBA:670,SSp-tr2/3
MBA:1086,SSp-tr4
MBA:1111,SSp-tr5
MBA:9,SSp-tr6a
MBA:461,SSp-tr6b
MBA:182305689,SSp-un
MBA:182305693,SSp-un1
MBA:182305697,SSp-un2/3
MBA:182305701,SSp-un4
MBA:182305705,SSp-un5
MBA:182305709,SSp-un6a
MBA:182305713,SSp-un6b
MBA:378,SSs
MBA:873,SSs1
MBA:806,SSs2/3
MBA:1035,SSs4
MBA:1090,SSs5
MBA:862,SSs6a
MBA:893,SSs6b
MBA:1057,GU
MBA:36,GU1
MBA:180,GU2/3
MBA:148,GU4
MBA:187,GU5
MBA:638,GU6a
MBA:662,GU6b
MBA:677,VISC
MBA:897,VISC1
MBA:1106,VISC2/3
MBA:1010,VISC4
MBA:1058,VISC5
MBA:857,VISC6a
MBA:849,VISC6b
MBA:247,AUD
MBA:1011,AUDd
MBA:527,AUDd1
MBA:600,AUDd2/3
MBA:678,AUDd4
MBA:252,AUDd5
MBA:156,AUDd6a
MBA:243,AUDd6b
MBA:480149230,VISlla
MBA:480149234,VISlla1
MBA:480149238,VISlla2/3
MBA:480149242,VISlla4
MBA:480149246,VISlla5
MBA:480149250,VISlla6a
MBA:480149254,VISlla6b
MBA:1002,AUDp
MBA:735,AUDp1
MBA:251,AUDp2/3
MBA:816,AUDp4
MBA:847,AUDp5
MBA:954,AUDp6a
MBA:1005,AUDp6b
MBA:1027,AUDpo
MBA:696,AUDpo1
MBA:643,AUDpo2/3
MBA:759,AUDpo4
MBA:791,AUDpo5
MBA:249,AUDpo6a
MBA:456,AUDpo6b
MBA:1018,AUDv
MBA:959,AUDv1
MBA:755,AUDv2/3
MBA:990,AUDv4
MBA:1023,AUDv5
MBA:520,AUDv6a
MBA:598,AUDv6b
MBA:669,VIS
MBA:801,VIS1
MBA:561,VIS2/3
MBA:913,VIS4
MBA:937,VIS5
MBA:457,VIS6a
MBA:497,VIS6b
MBA:402,VISal
MBA:1074,VISal1
MBA:905,VISal2/3
MBA:1114,VISal4
MBA:233,VISal5
MBA:601,VISal6a
MBA:649,VISal6b
MBA:394,VISam
MBA:281,VISam1
MBA:1066,VISam2/3
MBA:401,VISam4
MBA:433,VISam5
MBA:1046,VISam6a
MBA:441,VISam6b
MBA:409,VISl
MBA:421,VISl1
MBA:973,VISl2/3
MBA:573,VISl4
MBA:613,VISl5
MBA:74,VISl6a
MBA:121,VISl6b
MBA:385,VISp
MBA:593,VISp1
MBA:821,VISp2/3
MBA:721,VISp4
MBA:778,VISp5
MBA:33,VISp6a
MBA:305,VISp6b
MBA:425,VISpl
MBA:750,VISpl1
MBA:269,VISpl2/3
MBA:869,VISpl4
MBA:902,VISpl5
MBA:377,VISpl6a
MBA:393,VISpl6b
MBA:533,VISpm
MBA:805,VISpm1
MBA:41,VISpm2/3
MBA:501,VISpm4
MBA:565,VISpm5
MBA:257,VISpm6a
MBA:469,VISpm6b
MBA:312782574,VISli
MBA:312782578,VISli1
MBA:312782582,VISli2/3
MBA:312782586,VISli4
MBA:312782590,VISli5
MBA:312782594,VISli6a
MBA:312782598,VISli6b
MBA:312782628,VISpor
MBA:312782632,VISpor1
MBA:312782636,VISpor2/3
MBA:312782640,VISpor4
MBA:312782644,VISpor5
MBA:312782648,VISpor6a
MBA:312782652,VISpor6b
MBA:31,ACA
MBA:572,ACA1
MBA:1053,ACA2/3
MBA:739,ACA5
MBA:179,ACA6a
MBA:227,ACA6b
MBA:39,ACAd
MBA:935,ACAd1
MBA:211,ACAd2/3
MBA:1015,ACAd5
MBA:919,ACAd6a
MBA:927,ACAd6b
MBA:48,ACAv
MBA:588,ACAv1
MBA:296,ACAv2/3
MBA:772,ACAv5
MBA:810,ACAv6a
MBA:819,ACAv6b
MBA:972,PL
MBA:171,PL1
MBA:195,PL2
MBA:304,PL2/3
MBA:363,PL5
MBA:84,PL6a
MBA:132,PL6b
MBA:44,ILA
MBA:707,ILA1
MBA:747,ILA2
MBA:556,ILA2/3
MBA:827,ILA5
MBA:1054,ILA6a
MBA:1081,ILA6b
MBA:714,ORB
MBA:264,ORB1
MBA:492,ORB2/3
MBA:352,ORB5
MBA:476,ORB6a
MBA:516,ORB6b
MBA:723,ORBl
MBA:448,ORBl1
MBA:412,ORBl2/3
MBA:630,ORBl5
MBA:440,ORBl6a
MBA:488,ORBl6b
MBA:731,ORBm
MBA:484,ORBm1
MBA:524,ORBm2
MBA:582,ORBm2/3
MBA:620,ORBm5
MBA:910,ORBm6a
MBA:527696977,ORBm6b
MBA:738,ORBv
MBA:746,ORBvl
MBA:969,ORBvl1
MBA:288,ORBvl2/3
MBA:1125,ORBvl5
MBA:608,ORBvl6a
MBA:680,ORBvl6b
MBA:95,AI
MBA:104,AId
MBA:996,AId1
MBA:328,AId2/3
MBA:1101,AId5
MBA:783,AId6a
MBA:831,AId6b
MBA:111,AIp
MBA:120,AIp1
MBA:163,AIp2/3
MBA:344,AIp5
MBA:314,AIp6a
MBA:355,AIp6b
MBA:119,AIv
MBA:704,AIv1
MBA:694,AIv2/3
MBA:800,AIv5
MBA:675,AIv6a
MBA:699,AIv6b
MBA:254,RSP
MBA:894,RSPagl
MBA:671,RSPagl1
MBA:965,RSPagl2/3
MBA:774,RSPagl5
MBA:906,RSPagl6a
MBA:279,RSPagl6b
MBA:480149258,VISmma
MBA:480149262,VISmma1
MBA:480149266,VISmma2/3
MBA:480149270,VISmma4
MBA:480149274,VISmma5
MBA:480149278,VISmma6a
MBA:480149282,VISmma6b
MBA:480149286,VISmmp
MBA:480149290,VISmmp1
MBA:480149294,VISmmp2/3
MBA:480149298,VISmmp4
MBA:480149302,VISmmp5
MBA:480149306,VISmmp6a
MBA:480149310,VISmmp6b
MBA:480149314,VISm
MBA:480149318,VISm1
MBA:480149322,VISm2/3
MBA:480149326,VISm4
MBA:480149330,VISm5
MBA:480149334,VISm6a
MBA:480149338,VISm6b
MBA:879,RSPd
MBA:442,RSPd1
MBA:434,RSPd2/3
MBA:545,RSPd4
MBA:610,RSPd5
MBA:274,RSPd6a
MBA:330,RSPd6b
MBA:886,RSPv
MBA:542,RSPv1
MBA:606,RSPv2
MBA:430,RSPv2/3
MBA:687,RSPv5
MBA:590,RSPv6a
MBA:622,RSPv6b
MBA:22,PTLp
MBA:532,PTLp1
MBA:241,PTLp2/3
MBA:635,PTLp4
MBA:683,PTLp5
MBA:308,PTLp6a
MBA:340,PTLp6b
MBA:312782546,VISa
MBA:312782550,VISa1
MBA:312782554,VISa2/3
MBA:312782558,VISa4
MBA:312782562,VISa5
MBA:312782566,VISa6a
MBA:312782570,VISa6b
MBA:417,VISrl
MBA:312782604,VISrl1
MBA:312782608,VISrl2/3
MBA:312782612,VISrl4
MBA:312782616,VISrl5
MBA:312782620,VISrl6a
MBA:312782624,VISrl6b
MBA:541,TEa
MBA:97,TEa1
MBA:1127,TEa2/3
MBA:234,TEa4
MBA:289,TEa5
MBA:729,TEa6a
MBA:786,TEa6b
MBA:922,PERI
MBA:540,PERI1
MBA:888,PERI2/3
MBA:692,PERI5
MBA:335,PERI6a
MBA:368,PERI6b
MBA:895,ECT
MBA:836,ECT1
MBA:427,ECT2/3
MBA:988,ECT5
MBA:977,ECT6a
MBA:1045,ECT6b
MBA:698,OLF
MBA:507,MOB
MBA:212,MOBgl
MBA:220,MOBgr
MBA:228,MOBipl
MBA:236,MOBmi
MBA:244,MOBopl
MBA:151,AOB
MBA:188,AOBgl
MBA:196,AOBgr
MBA:204,AOBmi
MBA:159,AON
MBA:167,AONd
MBA:175,AONe
MBA:183,AONl
MBA:191,AONm
MBA:199,AONpv
MBA:160,AON1
MBA:168,AON2
MBA:589,TT
MBA:597,TTd
MBA:297,TTd1-4
MBA:1034,TTd1
MBA:1042,TTd2
MBA:1050,TTd3
MBA:1059,TTd4
MBA:605,TTv
MBA:306,TTv1-3
MBA:1067,TTv1
MBA:1075,TTv2
MBA:1082,TTv3
MBA:814,DP
MBA:496,DP1
MBA:535,DP2
MBA:360,DP2/3
MBA:646,DP5
MBA:267,DP6a
MBA:961,PIR
MBA:152,PIR1-3
MBA:276,PIR1
MBA:284,PIR2
MBA:291,PIR3
MBA:619,NLOT
MBA:392,NLOT1-3
MBA:260,NLOT1
MBA:268,NLOT2
MBA:1139,NLOT3
MBA:631,COA
MBA:639,COAa
MBA:192,COAa1
MBA:200,COAa2
MBA:208,COAa3
MBA:647,COAp
MBA:655,COApl
MBA:584,COApl1-2
MBA:376,COApl1-3
MBA:216,COApl1
MBA:224,COApl2
MBA:232,COApl3
MBA:663,COApm
MBA:592,COApm1-2
MBA:383,COApm1-3
MBA:240,COApm1
MBA:248,COApm2
MBA:256,COApm3
MBA:788,PAA
MBA:400,PAA1-3
MBA:408,PAA1
MBA:416,PAA2
MBA:424,PAA3
MBA:566,TR
MBA:517,TR1-3
MBA:1140,TR1
MBA:1141,TR2
MBA:1142,TR3
MBA:1089,HPF
MBA:1080,HIP
MBA:375,CA
MBA:382,CA1
MBA:391,CA1slm
MBA:399,CA1so
MBA:407,CA1sp
MBA:415,CA1sr
MBA:423,CA2
MBA:431,CA2slm
MBA:438,CA2so
MBA:446,CA2sp
MBA:454,CA2sr
MBA:463,CA3
MBA:471,CA3slm
MBA:479,CA3slu
MBA:486,CA3so
MBA:495,CA3sp
MBA:504,CA3sr
MBA:726,DG
MBA:10703,DG-mo
MBA:10704,DG-po
MBA:632,DG-sg
MBA:10702,DG-sgz
MBA:734,DGcr
MBA:742,DGcr-mo
MBA:751,DGcr-po
MBA:758,DGcr-sg
MBA:766,DGlb
MBA:775,DGlb-mo
MBA:782,DGlb-po
MBA:790,DGlb-sg
MBA:799,DGmb
MBA:807,DGmb-mo
MBA:815,DGmb-po
MBA:823,DGmb-sg
MBA:982,FC
MBA:19,IG
MBA:822,RHP
MBA:909,ENT
MBA:918,ENTl
MBA:1121,ENTl1
MBA:20,ENTl2
MBA:999,ENTl2/3
MBA:715,ENTl2a
MBA:764,ENTl2b
MBA:52,ENTl3
MBA:92,ENTl4
MBA:312,ENTl4/5
MBA:139,ENTl5
MBA:387,ENTl5/6
MBA:28,ENTl6a
MBA:60,ENTl6b
MBA:926,ENTm
MBA:526,ENTm1
MBA:543,ENTm2
MBA:468,ENTm2a
MBA:508,ENTm2b
MBA:664,ENTm3
MBA:712,ENTm4
MBA:727,ENTm5
MBA:550,ENTm5/6
MBA:743,ENTm6
MBA:934,ENTmv
MBA:259,ENTmv1
MBA:324,ENTmv2
MBA:371,ENTmv3
MBA:419,ENTmv4
MBA:1133,ENTmv5/6
MBA:843,PAR
MBA:10693,PAR1
MBA:10694,PAR2
MBA:10695,PAR3
MBA:1037,POST
MBA:10696,POST1
MBA:10697,POST2
MBA:10698,POST3
MBA:1084,PRE
MBA:10699,PRE1
MBA:10700,PRE2
MBA:10701,PRE3
MBA:502,SUB
MBA:509,SUBd
MBA:829,SUBd-m
MBA:845,SUBd-sp
MBA:837,SUBd-sr
MBA:518,SUBv
MBA:853,SUBv-m
MBA:870,SUBv-sp
MBA:861,SUBv-sr
MBA:484682470,ProS
MBA:484682475,ProSd
MBA:484682479,ProSd-m
MBA:484682483,ProSd-sp
MBA:484682487,ProSd-sr
MBA:484682492,ProSv
MBA:484682496,ProSv-m
MBA:484682500,ProSv-sp
MBA:484682504,Prosv-sr
MBA:589508447,HATA
MBA:484682508,APr
MBA:703,CTXsp
MBA:16,6b
MBA:583,CLA
MBA:942,EP
MBA:952,EPd
MBA:966,EPv
MBA:131,LA
MBA:295,BLA
MBA:303,BLAa
MBA:311,BLAp
MBA:451,BLAv
MBA:319,BMA
MBA:327,BMAa
MBA:334,BMAp
MBA:780,PA
MBA:623,CNU
MBA:477,STR
MBA:485,STRd
MBA:672,CP
MBA:493,STRv
MBA:56,ACB
MBA:998,FS
MBA:754,OT
MBA:481,isl
MBA:489,islm
MBA:144,OT1-3
MBA:458,OT1
MBA:465,OT2
MBA:473,OT3
MBA:549009199,LSS
MBA:275,LSX
MBA:242,LS
MBA:250,LSc
MBA:258,LSr
MBA:266,LSv
MBA:310,SF
MBA:333,SH
MBA:278,sAMY
MBA:23,AAA
MBA:292,BA
MBA:536,CEA
MBA:544,CEAc
MBA:551,CEAl
MBA:559,CEAm
MBA:1105,IA
MBA:403,MEA
MBA:411,MEAad
MBA:418,MEAav
MBA:426,MEApd
MBA:472,MEApd-a
MBA:480,MEApd-b
MBA:487,MEApd-c
MBA:435,MEApv
MBA:803,PAL
MBA:818,PALd
MBA:1022,GPe
MBA:1031,GPi
MBA:835,PALv
MBA:342,SI
MBA:298,MA
MBA:826,PALm
MBA:904,MSC
MBA:564,MS
MBA:596,NDB
MBA:581,TRS
MBA:809,PALc
MBA:351,BST
MBA:359,BSTa
MBA:537,BSTal
MBA:498,BSTam
MBA:505,BSTdm
MBA:513,BSTfu
MBA:546,BSTju
MBA:521,BSTmg
MBA:554,BSTov
MBA:562,BSTrh
MBA:529,BSTv
MBA:367,BSTp
MBA:569,BSTd
MBA:578,BSTpr
MBA:585,BSTif
MBA:594,BSTtr
MBA:602,BSTse
MBA:287,BAC
MBA:343,BS
MBA:1129,IB
MBA:549,TH
MBA:864,DORsm
MBA:637,VENT
MBA:629,VAL
MBA:685,VM
MBA:709,VP
MBA:718,VPL
MBA:725,VPLpc
MBA:733,VPM
MBA:741,VPMpc
MBA:563807435,PoT
MBA:406,SPF
MBA:414,SPFm
MBA:422,SPFp
MBA:609,SPA
MBA:1044,PP
MBA:1008,GENd
MBA:475,MG
MBA:1072,MGd
MBA:1079,MGv
MBA:1088,MGm
MBA:170,LGd
MBA:496345664,LGd-sh
MBA:496345668,LGd-co
MBA:496345672,LGd-ip
MBA:856,DORpm
MBA:138,LAT
MBA:218,LP
MBA:1020,PO
MBA:1029,POL
MBA:325,SGN
MBA:560581551,Eth
MBA:560581555,REth
MBA:239,ATN
MBA:255,AV
MBA:127,AM
MBA:1096,AMd
MBA:1104,AMv
MBA:64,AD
MBA:1120,IAM
MBA:1113,IAD
MBA:155,LD
MBA:444,MED
MBA:59,IMD
MBA:362,MD
MBA:617,MDc
MBA:626,MDl
MBA:636,MDm
MBA:366,SMT
MBA:1077,PR
MBA:571,MTN
MBA:149,PVT
MBA:15,PT
MBA:181,RE
MBA:560581559,Xi
MBA:51,ILM
MBA:189,RH
MBA:599,CM
MBA:907,PCN
MBA:575,CL
MBA:930,PF
MBA:560581563,PIL
MBA:262,RT
MBA:1014,GENv
MBA:27,IGL
MBA:563807439,IntG
MBA:178,LGv
MBA:300,LGvl
MBA:316,LGvm
MBA:321,SubG
MBA:958,EPI
MBA:483,MH
MBA:186,LH
MBA:953,PIN
MBA:1097,HY
MBA:157,PVZ
MBA:390,SO
MBA:332,ASO
MBA:432,NC
MBA:38,PVH
MBA:71,PVHm
MBA:47,PVHam
MBA:79,PVHmm
MBA:103,PVHpm
MBA:652,PVHpml
MBA:660,PVHpmm
MBA:94,PVHp
MBA:55,PVHap
MBA:87,PVHmpd
MBA:110,PVHpv
MBA:30,PVa
MBA:118,PVi
MBA:223,ARH
MBA:141,PVR
MBA:72,ADP
MBA:80,AHA
MBA:263,AVP
MBA:272,AVPV
MBA:830,DMH
MBA:668,DMHa
MBA:676,DMHp
MBA:684,DMHv
MBA:452,MEPO
MBA:523,MPO
MBA:763,OV
MBA:914,PD
MBA:1109,PS
MBA:1124,PSCH
MBA:126,PVp
MBA:133,PVpo
MBA:347,SBPV
MBA:286,SCH
MBA:338,SFO
MBA:576073699,VMPO
MBA:689,VLPO
MBA:467,MEZ
MBA:88,AHN
MBA:700,AHNa
MBA:708,AHNc
MBA:716,AHNd
MBA:724,AHNp
MBA:331,MBO
MBA:210,LM
MBA:491,MM
MBA:732,MMme
MBA:606826647,MMl
MBA:606826651,MMm
MBA:606826655,MMp
MBA:606826659,MMd
MBA:525,SUM
MBA:1110,SUMl
MBA:1118,SUMm
MBA:557,TM
MBA:1126,TMd
MBA:1,TMv
MBA:515,MPN
MBA:740,MPNc
MBA:748,MPNl
MBA:756,MPNm
MBA:980,PMd
MBA:1004,PMv
MBA:63,PVHd
MBA:439,PVHdp
MBA:447,PVHf
MBA:455,PVHlp
MBA:464,PVHmpv
MBA:693,VMH
MBA:761,VMHa
MBA:769,VMHc
MBA:777,VMHdm
MBA:785,VMHvl
MBA:946,PH
MBA:290,LZ
MBA:194,LHA
MBA:226,LPO
MBA:356,PST
MBA:364,PSTN
MBA:576073704,PeF
MBA:173,RCH
MBA:470,STN
MBA:614,TU
MBA:797,ZI
MBA:796,A13
MBA:804,FF
MBA:10671,ME
MBA:313,MB
MBA:339,MBsen
MBA:302,SCs
MBA:851,SCop
MBA:842,SCsg
MBA:834,SCzo
MBA:4,IC
MBA:811,ICc
MBA:820,ICd
MBA:828,ICe
MBA:580,NB
MBA:271,SAG
MBA:874,PBG
MBA:460,MEV
MBA:599626923,SCO
MBA:323,MBmot
MBA:381,SNr
MBA:749,VTA
MBA:607344830,PN
MBA:246,RR
MBA:128,MRN
MBA:539,MRNm
MBA:548,MRNmg
MBA:555,MRNp
MBA:294,SCm
MBA:26,SCdg
MBA:42,SCdw
MBA:17,SCiw
MBA:10,SCig
MBA:494,SCig-a
MBA:503,SCig-b
MBA:511,SCig-c
MBA:795,PAG
MBA:50,PRC
MBA:67,INC
MBA:587,ND
MBA:614454277,Su3
MBA:1100,PRT
MBA:215,APN
MBA:531,MPT
MBA:628,NOT
MBA:634,NPC
MBA:706,OP
MBA:1061,PPT
MBA:549009203,RPF
MBA:549009207,InCo
MBA:616,CUN
MBA:214,RN
MBA:35,III
MBA:549009211,MA3
MBA:975,EW
MBA:115,IV
MBA:606826663,Pa4
MBA:757,VTN
MBA:231,AT
MBA:66,LT
MBA:75,DT
MBA:58,MT
MBA:615,SNl
MBA:348,MBsta
MBA:374,SNc
MBA:1052,PPN
MBA:165,RAmb
MBA:12,IF
MBA:100,IPN
MBA:607344834,IPR
MBA:607344838,IPC
MBA:607344842,IPA
MBA:607344846,IPL
MBA:607344850,IPI
MBA:607344854,IPDM
MBA:607344858,IPDL
MBA:607344862,IPRL
MBA:197,RL
MBA:591,CLI
MBA:872,DR
MBA:1065,HB
MBA:771,P
MBA:1132,P-sen
MBA:612,NLL
MBA:82,NLLd
MBA:90,NLLh
MBA:99,NLLv
MBA:7,PSV
MBA:867,PB
MBA:123,KF
MBA:881,PBl
MBA:860,PBlc
MBA:868,PBld
MBA:875,PBle
MBA:883,PBls
MBA:891,PBlv
MBA:890,PBm
MBA:899,PBme
MBA:915,PBmm
MBA:923,PBmv
MBA:398,SOC
MBA:122,POR
MBA:105,SOCm
MBA:114,SOCl
MBA:987,P-mot
MBA:280,B
MBA:880,DTN
MBA:283,LTN
MBA:599626927,PDTg
MBA:898,PCG
MBA:931,PG
MBA:1093,PRNc
MBA:552,PRNv
MBA:318,SG
MBA:462,SSN
MBA:534,SUT
MBA:574,TRN
MBA:621,V
MBA:549009215,P5
MBA:549009219,Acs5
MBA:549009223,PC5
MBA:549009227,I5
MBA:1117,P-sat
MBA:679,CS
MBA:137,CSl
MBA:130,CSm
MBA:147,LC
MBA:162,LDT
MBA:604,NI
MBA:146,PRNr
MBA:238,RPO
MBA:350,SLC
MBA:358,SLD
MBA:354,MY
MBA:386,MY-sen
MBA:207,AP
MBA:607,CN
MBA:112,CNlam
MBA:560,CNspg
MBA:96,DCO
MBA:101,VCO
MBA:720,DCN
MBA:711,CU
MBA:1039,GR
MBA:903,ECU
MBA:642,NTB
MBA:651,NTS
MBA:659,NTSce
MBA:666,NTSco
MBA:674,NTSge
MBA:682,NTSl
MBA:691,NTSm
MBA:429,SPVC
MBA:437,SPVI
MBA:445,SPVO
MBA:77,SPVOcdm
MBA:53,SPVOmdmd
MBA:61,SPVOmdmv
MBA:45,SPVOrdm
MBA:69,SPVOvl
MBA:589508451,Pa5
MBA:789,z
MBA:370,MY-mot
MBA:653,VI
MBA:568,ACVI
MBA:661,VII
MBA:576,ACVII
MBA:640,EV
MBA:135,AMB
MBA:939,AMBd
MBA:143,AMBv
MBA:839,DMX
MBA:887,ECO
MBA:1048,GRN
MBA:372,ICB
MBA:83,IO
MBA:136,IRN
MBA:106,ISN
MBA:203,LIN
MBA:235,LRN
MBA:955,LRNm
MBA:963,LRNp
MBA:307,MARN
MBA:395,MDRN
MBA:1098,MDRNd
MBA:1107,MDRNv
MBA:852,PARN
MBA:859,PAS
MBA:938,PGRN
MBA:970,PGRNd
MBA:978,PGRNl
MBA:154,PHY
MBA:161,NIS
MBA:177,NR
MBA:169,PRP
MBA:995,PMR
MBA:1069,PPY
MBA:185,PPYd
MBA:193,PPYs
MBA:701,VNC
MBA:209,LAV
MBA:202,MV
MBA:225,SPIV
MBA:217,SUV
MBA:765,x
MBA:773,XII
MBA:781,y
MBA:76,INV
MBA:379,MY-sat
MBA:206,RM
MBA:230,RPA
MBA:222,RO
MBA:512,CB
MBA:528,CBX
MBA:1144,CBXmo
MBA:1145,CBXpu
MBA:1143,CBXgr
MBA:645,VERM
MBA:912,LING
MBA:10707,LINGmo
MBA:10706,LINGpu
MBA:10705,LINGgr
MBA:920,CENT
MBA:976,CENT2
MBA:10710,CENT2mo
MBA:10709,CENT2pu
MBA:10708,CENT2gr
MBA:984,CENT3
MBA:10713,CENT3mo
MBA:10712,CENT3pu
MBA:10711,CENT3gr
MBA:928,CUL
MBA:992,CUL4
MBA:10716,CUL4mo
MBA:10715,CUL4pu
MBA:10714,CUL4gr
MBA:1001,CUL5
MBA:10719,CUL5mo
MBA:10718,CUL5pu
MBA:10717,CUL5gr
MBA:1091,"CUL4, 5"
MBA:10722,"CUL4, 5mo"
MBA:10721,"CUL4, 5pu"
MBA:10720,"CUL4, 5gr"
MBA:936,DEC
MBA:10725,DECmo
MBA:10724,DECpu
MBA:10723,DECgr
MBA:944,FOTU
MBA:10728,FOTUmo
MBA:10727,FOTUpu
MBA:10726,FOTUgr
MBA:951,PYR
MBA:10731,PYRmo
MBA:10730,PYRpu
MBA:10729,PYRgr
MBA:957,UVU
MBA:10734,UVUmo
MBA:10733,UVUpu
MBA:10732,UVUgr
MBA:968,NOD
MBA:10737,NODmo
MBA:10736,NODpu
MBA:10735,NODgr
MBA:1073,HEM
MBA:1007,SIM
MBA:10674,SIMmo
MBA:10673,SIMpu
MBA:10672,SIMgr
MBA:1017,AN
MBA:1056,ANcr1
MBA:10677,ANcr1mo
MBA:10676,ANcr1pu
MBA:10675,ANcr1gr
MBA:1064,ANcr2
MBA:10680,ANcr2mo
MBA:10679,ANcr2pu
MBA:10678,ANcr2gr
MBA:1025,PRM
MBA:10683,PRMmo
MBA:10682,PRMpu
MBA:10681,PRMgr
MBA:1033,COPY
MBA:10686,COPYmo
MBA:10685,COPYpu
MBA:10684,COPYgr
MBA:1041,PFL
MBA:10689,PFLmo
MBA:10688,PFLpu
MBA:10687,PFLgr
MBA:1049,FL
MBA:10692,FLmo
MBA:10691,FLpu
MBA:10690,FLgr
MBA:519,CBN
MBA:989,FN
MBA:91,IP
MBA:846,DN
MBA:589508455,VeCB
MBA:1009,fiber tracts
MBA:967,cm
MBA:885,tn
MBA:949,von
MBA:840,In
MBA:1016,onl
MBA:21,lotg
MBA:665,lot
MBA:538,lotd
MBA:459,aolt
MBA:900,aco
MBA:848,IIn
MBA:876,aot
MBA:916,bsc
MBA:336,csc
MBA:117,och
MBA:125,opt
MBA:357,ttp
MBA:832,IIIn
MBA:62,mlf
MBA:158,pc
MBA:911,IVn
MBA:384,IVd
MBA:710,VIn
MBA:901,Vn
MBA:93,moV
MBA:229,sV
MBA:705,mtV
MBA:794,sptV
MBA:798,VIIn
MBA:1131,iVIIn
MBA:1116,gVIIn
MBA:933,VIIIn
MBA:1076,cvb
MBA:413,vVIIIn
MBA:948,cVIIIn
MBA:841,tb
MBA:641,ias
MBA:506,das
MBA:658,ll
MBA:633,cic
MBA:482,bic
MBA:808,IXn
MBA:917,Xn
MBA:237,ts
MBA:717,XIn
MBA:813,XIIn
MBA:925,vrt
MBA:792,drt
MBA:932,cett
MBA:570,dl
MBA:522,dcm
MBA:858,vc
MBA:586,fpr
MBA:514,dc
MBA:380,cuf
MBA:388,grf
MBA:396,iaf
MBA:697,ml
MBA:871,sst
MBA:29,sttl
MBA:389,sttv
MBA:245,scrt
MBA:261,sop
MBA:270,srp
MBA:293,svp
MBA:277,stp
MBA:253,shp
MBA:285,step
MBA:627,hht
MBA:960,cbf
MBA:744,cbc
MBA:752,cbp
MBA:326,scp
MBA:812,dscp
MBA:85,sct
MBA:850,uf
MBA:866,sctv
MBA:78,mcp
MBA:1123,icp
MBA:553,sctd
MBA:499,cct
MBA:650,jrb
MBA:490,bct
MBA:404,oct
MBA:410,rct
MBA:373,tct
MBA:728,arb
MBA:484682512,scwm
MBA:983,lfbs
MBA:776,cc
MBA:956,fa
MBA:579,ec
MBA:964,ee
MBA:1108,ccg
MBA:971,fp
MBA:979,ccr
MBA:484682516,ccb
MBA:986,ccs
MBA:784,cst
MBA:6,int
MBA:924,cpd
MBA:1036,cte
MBA:1012,crt
MBA:1003,cpt
MBA:994,cbt
MBA:190,py
MBA:198,pyd
MBA:1019,cstc
MBA:1028,cstu
MBA:896,lfbst
MBA:1092,em
MBA:14,im
MBA:86,mtc
MBA:365,tp
MBA:484682520,or
MBA:484682524,ar
MBA:1000,eps
MBA:760,epsc
MBA:142,pap
MBA:102,nst
MBA:109,ntt
MBA:134,ptf
MBA:309,snp
MBA:317,stf
MBA:877,tsp
MBA:1051,tspd
MBA:1060,dtd
MBA:1043,tspc
MBA:863,rust
MBA:397,vtd
MBA:221,rrt
MBA:736,ctb
MBA:855,rst
MBA:205,rstl
MBA:213,rstm
MBA:941,vsp
MBA:991,mfbs
MBA:768,mfbc
MBA:884,amc
MBA:892,apd
MBA:908,act
MBA:940,cing
MBA:1099,fxs
MBA:466,alv
MBA:530,df
MBA:603,fi
MBA:745,fxprg
MBA:420,db
MBA:737,fxpo
MBA:428,mct
MBA:436,fx
MBA:618,hc
MBA:443,dhc
MBA:449,vhc
MBA:713,per
MBA:474,ab
MBA:37,lab
MBA:301,st
MBA:484682528,stc
MBA:824,mfsbshy
MBA:54,mfb
MBA:405,vlt
MBA:174,poc
MBA:349,sup
MBA:817,supa
MBA:825,supd
MBA:833,supv
MBA:166,pmx
MBA:341,smd
MBA:182,php
MBA:762,phpd
MBA:770,phpl
MBA:779,phpm
MBA:787,phpv
MBA:150,pvbh
MBA:46,mfbsma
MBA:753,pm
MBA:690,mtt
MBA:681,mtg
MBA:673,mp
MBA:1068,mfbst
MBA:722,pvbt
MBA:1083,mfbse
MBA:802,sm
MBA:595,fr
MBA:611,hbc
MBA:730,PIS
MBA:70,mfbsm
MBA:547,dlf
MBA:563,dtt
MBA:73,VS
MBA:81,VL
MBA:89,RC
MBA:98,SEZ
MBA:108,chpl
MBA:116,chfl
MBA:124,IVF
MBA:129,V3
MBA:140,AQ
MBA:145,V4
MBA:153,V4r
MBA:164,c
MBA:1024,grv
MBA:1032,grv of CTX
MBA:1055,eg
MBA:1063,hf
MBA:1071,rf
MBA:1078,ri
MBA:1040,grv of CBX
MBA:1087,pce
MBA:1095,pcf
MBA:1103,pri
MBA:1112,psf
MBA:1119,ppf
MBA:3,sec
MBA:11,plf
MBA:18,nf
MBA:25,sif
MBA:34,icf
MBA:43,apf
MBA:49,ipf
MBA:57,pms
MBA:65,pfs
MBA:624,IPF
MBA:304325711,retina
